system:index,basin_mean_precip,basin_mean_solar_rad,basin_mean_temp_k,date,month,year,zonal_breakdown,.geo
0,4.131370137742432E-4,6250456.295990567,255.2161280793964,2000-01,1.0,2000.0,"[{zone_id=1, sum=0.0}, {zone_id=2, sum=0.0}, {zone_id=3, sum=0.0}, {zone_id=4, sum=0.0}]","{""type"":""MultiPoint"",""coordinates"":[]}"
1,0.0010962012476121122,5840836.027122641,252.4363239216355,2000-02,2.0,2000.0,"[{zone_id=1, sum=0.44052025}, {zone_id=2, sum=17.10023672395833}, {zone_id=3, sum=166.7754818421421}, {zone_id=4, sum=86.56028041228032}]","{""type"":""MultiPoint"",""coordinates"":[]}"
2,0.0013278211358309184,7261133.56485849,256.90034628814124,2000-03,3.0,2000.0,"[{zone_id=1, sum=0.749117435812123}, {zone_id=2, sum=36.57601963842793}, {zone_id=3, sum=181.41593488402327}, {zone_id=4, sum=97.42768382106348}]","{""type"":""MultiPoint"",""coordinates"":[]}"
3,7.379260039601401E-4,9333804.041273585,263.7592545995172,2000-04,4.0,2000.0,"[{zone_id=1, sum=0.052730713911866824}, {zone_id=2, sum=8.500890526023259}, {zone_id=3, sum=146.508130795449}, {zone_id=4, sum=99.18090865062393}]","{""type"":""MultiPoint"",""coordinates"":[]}"
4,0.0023683375764208766,8551295.053066038,270.020111371886,2000-05,5.0,2000.0,"[{zone_id=1, sum=0.2145415832534908}, {zone_id=2, sum=4.991344384781658}, {zone_id=3, sum=124.61455946089637}, {zone_id=4, sum=95.12860829991992}]","{""type"":""MultiPoint"",""coordinates"":[]}"
5,0.005338605934394883,7510737.179245282,273.5583444271448,2000-06,6.0,2000.0,"[{zone_id=1, sum=0.4020046331801471}, {zone_id=2, sum=3.765595396381561}, {zone_id=3, sum=72.71733121454523}, {zone_id=4, sum=83.8914870605469}]","{""type"":""MultiPoint"",""coordinates"":[]}"
6,0.007161521879430345,6697363.120283018,274.30400430931235,2000-07,7.0,2000.0,"[{zone_id=1, sum=0.4403282890625}, {zone_id=2, sum=7.651306960973849}, {zone_id=3, sum=100.67530292582708}, {zone_id=4, sum=90.32766215307053}]","{""type"":""MultiPoint"",""coordinates"":[]}"
7,0.006361349357026689,6264028.003537736,274.2339431474793,2000-08,8.0,2000.0,"[{zone_id=1, sum=0.0}, {zone_id=2, sum=8.62975671366421}, {zone_id=3, sum=127.5144108307291}, {zone_id=4, sum=95.84927436882309}]","{""type"":""MultiPoint"",""coordinates"":[]}"
8,0.004252715566072971,5915556.030955187,270.26886965193836,2000-09,9.0,2000.0,"[{zone_id=1, sum=1.6700397983203457}, {zone_id=2, sum=6.6491653114790985}, {zone_id=3, sum=108.1720579589381}, {zone_id=4, sum=95.86012350652567}]","{""type"":""MultiPoint"",""coordinates"":[]}"
9,6.046909079883626E-4,7829921.2011350235,267.8593672266547,2000-10,10.0,2000.0,"[{zone_id=1, sum=0.0}, {zone_id=2, sum=1.5019332410188773}, {zone_id=3, sum=112.37229176987978}, {zone_id=4, sum=101.0189980575069}]","{""type"":""MultiPoint"",""coordinates"":[]}"
10,4.035818627892026E-4,6964601.327830188,263.51590887105687,2000-11,11.0,2000.0,"[{zone_id=1, sum=0.0}, {zone_id=2, sum=1.7317696099196536}, {zone_id=3, sum=101.89581874020456}, {zone_id=4, sum=101.26422860870787}]","{""type"":""MultiPoint"",""coordinates"":[]}"
11,0.001073822369553969,6537233.04245283,261.6737132522295,2000-12,12.0,2000.0,"[{zone_id=1, sum=0.06005657348686002}, {zone_id=2, sum=1.9077911045098581}, {zone_id=3, sum=93.61402891429056}, {zone_id=4, sum=98.41854934722369}]","{""type"":""MultiPoint"",""coordinates"":[]}"
12,2.8442553184611754E-4,3731136.1108490564,255.321834060381,2001-01,1.0,2001.0,"[{zone_id=1, sum=0.0}, {zone_id=2, sum=22.11108859555267}, {zone_id=3, sum=146.2901096615581}, {zone_id=4, sum=97.59587746592254}]","{""type"":""MultiPoint"",""coordinates"":[]}"
13,9.470639784956562E-4,6952682.257075472,257.7399297750221,2001-02,2.0,2001.0,"[{zone_id=1, sum=0.40477866830754616}, {zone_id=2, sum=20.383419533986395}, {zone_id=3, sum=134.93587714172907}, {zone_id=4, sum=95.33229019920483}]","{""type"":""MultiPoint"",""coordinates"":[]}"
14,8.28097033781501E-4,9220738.314858489,258.2178906134839,2001-03,3.0,2001.0,"[{zone_id=1, sum=0.10438044227351101}, {zone_id=2, sum=12.654005373587774}, {zone_id=3, sum=137.8444183098148}, {zone_id=4, sum=96.35702194009842}]","{""type"":""MultiPoint"",""coordinates"":[]}"
15,0.001375733826015899,9762129.262971697,262.49651552596185,2001-04,4.0,2001.0,"[{zone_id=1, sum=0.20135253080161342}, {zone_id=2, sum=19.898122105200837}, {zone_id=3, sum=168.1857697612162}, {zone_id=4, sum=100.5041960973756}]","{""type"":""MultiPoint"",""coordinates"":[]}"
16,0.002723062543075144,8543052.97995283,269.3750840672907,2001-05,5.0,2001.0,"[{zone_id=1, sum=0.0}, {zone_id=2, sum=3.57726704532773}, {zone_id=3, sum=111.73369014363313}, {zone_id=4, sum=94.96921148342122}]","{""type"":""MultiPoint"",""coordinates"":[]}"
17,0.004280392463161696,8051189.864386791,273.06785094063235,2001-06,6.0,2001.0,"[{zone_id=1, sum=0.0}, {zone_id=2, sum=0.6802152079675098}, {zone_id=3, sum=71.23170335724878}, {zone_id=4, sum=82.92159659608984}]","{""type"":""MultiPoint"",""coordinates"":[]}"
18,0.006617198510952531,7241883.820754716,274.57507237848245,2001-07,7.0,2001.0,"[{zone_id=1, sum=0.0}, {zone_id=2, sum=3.314157841964975}, {zone_id=3, sum=77.18873980739379}, {zone_id=4, sum=88.34532361970113}]","{""type"":""MultiPoint"",""coordinates"":[]}"
19,0.00620969634335882,6378063.554245284,273.8311586200066,2001-08,8.0,2001.0,"[{zone_id=1, sum=0.0}, {zone_id=2, sum=14.824019179949538}, {zone_id=3, sum=114.536120145947}, {zone_id=4, sum=91.62170568294407}]","{""type"":""MultiPoint"",""coordinates"":[]}"
20,0.0029724134572714596,7205323.449882075,272.0818570694833,2001-09,9.0,2001.0,"[{zone_id=1, sum=0.020476802702205886}, {zone_id=2, sum=3.8561682738870138}, {zone_id=3, sum=95.85900835404166}, {zone_id=4, sum=92.53872069412148}]","{""type"":""MultiPoint"",""coordinates"":[]}"
21,0.0017017856098219745,6572134.000589623,266.53942755933076,2001-10,10.0,2001.0,"[{zone_id=1, sum=0.009578078804347825}, {zone_id=2, sum=19.56385502090564}, {zone_id=3, sum=160.3321609114604}, {zone_id=4, sum=102.42373305563547}]","{""type"":""MultiPoint"",""coordinates"":[]}"
22,2.857619756758501E-4,6981581.461084904,264.1869184386056,2001-11,11.0,2001.0,"[{zone_id=1, sum=0.0}, {zone_id=2, sum=2.38111878702194}, {zone_id=3, sum=114.87358720633273}, {zone_id=4, sum=101.85560795527184}]","{""type"":""MultiPoint"",""coordinates"":[]}"
23,2.707729554801843E-4,6605082.101415095,259.9856552987729,2001-12,12.0,2001.0,"[{zone_id=1, sum=0.010014256392045454}, {zone_id=2, sum=1.8301394906751562}, {zone_id=3, sum=96.1247397171014}, {zone_id=4, sum=99.14393297168715}]","{""type"":""MultiPoint"",""coordinates"":[]}"
24,0.0019028481691456586,4591787.915094339,254.57589980791195,2002-01,1.0,2002.0,"[{zone_id=1, sum=5.187125800005921}, {zone_id=2, sum=67.4291162129011}, {zone_id=3, sum=191.29787490160697}, {zone_id=4, sum=99.97486092571134}]","{""type"":""MultiPoint"",""coordinates"":[]}"
25,0.0012029680049481784,3727327.7181603764,255.0802356072192,2002-02,2.0,2002.0,"[{zone_id=1, sum=1.7164913204103116}, {zone_id=2, sum=82.60184001692033}, {zone_id=3, sum=244.38447660313005}, {zone_id=4, sum=99.50995096542593}]","{""type"":""MultiPoint"",""coordinates"":[]}"
26,6.122462507509879E-4,5295067.46462264,258.55247468768425,2002-03,3.0,2002.0,"[{zone_id=1, sum=1.280912832752764}, {zone_id=2, sum=70.61013211514319}, {zone_id=3, sum=278.0536462144003}, {zone_id=4, sum=99.23886334919393}]","{""type"":""MultiPoint"",""coordinates"":[]}"
27,0.0013705633291776378,8459449.948113207,264.4586506969524,2002-04,4.0,2002.0,"[{zone_id=1, sum=0.43345352363794326}, {zone_id=2, sum=39.01130460559006}, {zone_id=3, sum=232.48057195768163}, {zone_id=4, sum=103.06408966722779}]","{""type"":""MultiPoint"",""coordinates"":[]}"
28,0.002766591293873219,8109838.987028303,268.04189487673204,2002-05,5.0,2002.0,"[{zone_id=1, sum=0.0}, {zone_id=2, sum=5.836793077662938}, {zone_id=3, sum=130.89411370076894}, {zone_id=4, sum=95.6959744970797}]","{""type"":""MultiPoint"",""coordinates"":[]}"
29,0.0035188193101042616,8515241.95754717,273.02568198150055,2002-06,6.0,2002.0,"[{zone_id=1, sum=0.0}, {zone_id=2, sum=2.160412403436159}, {zone_id=3, sum=76.0775571844355}, {zone_id=4, sum=89.58023183583671}]","{""type"":""MultiPoint"",""coordinates"":[]}"
30,0.008535468219547038,5959082.341981132,274.30960370909486,2002-07,7.0,2002.0,"[{zone_id=1, sum=0.09796772807904412}, {zone_id=2, sum=5.996287565419817}, {zone_id=3, sum=69.07424104780158}, {zone_id=4, sum=80.40425022793393}]","{""type"":""MultiPoint"",""coordinates"":[]}"
31,0.005287339860893029,6794110.251179245,273.8934398147295,2002-08,8.0,2002.0,"[{zone_id=1, sum=0.16636500833333334}, {zone_id=2, sum=5.431142326655613}, {zone_id=3, sum=113.02826948904804}, {zone_id=4, sum=89.33865280031019}]","{""type"":""MultiPoint"",""coordinates"":[]}"
32,0.0052541906066805475,6703271.653080779,270.81374575057123,2002-09,9.0,2002.0,"[{zone_id=1, sum=0.0}, {zone_id=2, sum=5.065110880928296}, {zone_id=3, sum=104.87552240519975}, {zone_id=4, sum=90.92652257570161}]","{""type"":""MultiPoint"",""coordinates"":[]}"
33,9.602003477466324E-4,7344924.184109671,265.4472569879495,2002-10,10.0,2002.0,"[{zone_id=1, sum=0.01001466122159091}, {zone_id=2, sum=8.593656222860725}, {zone_id=3, sum=157.2285511177069}, {zone_id=4, sum=103.4502233712991}]","{""type"":""MultiPoint"",""coordinates"":[]}"
34,3.015217962628121E-4,6932505.146226415,263.01568833836967,2002-11,11.0,2002.0,"[{zone_id=1, sum=0.0}, {zone_id=2, sum=7.478429171887705}, {zone_id=3, sum=136.21583376029454}, {zone_id=4, sum=102.2333193266669}]","{""type"":""MultiPoint"",""coordinates"":[]}"
35,0.0010192494507103923,6369509.431603774,259.9499848563716,2002-12,12.0,2002.0,"[{zone_id=1, sum=0.0}, {zone_id=2, sum=2.2894954702332733}, {zone_id=3, sum=111.4931697104112}, {zone_id=4, sum=100.74710587734666}]","{""type"":""MultiPoint"",""coordinates"":[]}"
36,9.786434371425509E-4,3778938.4587264145,255.7405093211048,2003-01,1.0,2003.0,"[{zone_id=1, sum=0.7512618321793276}, {zone_id=2, sum=19.58727679817057}, {zone_id=3, sum=145.69108217558446}, {zone_id=4, sum=98.98899451254337}]","{""type"":""MultiPoint"",""coordinates"":[]}"
37,0.001962827951175777,3568624.3525943398,253.53331051232672,2003-02,2.0,2003.0,"[{zone_id=1, sum=7.751195949216507}, {zone_id=2, sum=121.23109897637757}, {zone_id=3, sum=310.98154318518493}, {zone_id=4, sum=95.43876333465955}]","{""type"":""MultiPoint"",""coordinates"":[]}"
38,3.639880459857368E-4,5512529.253537736,258.28050433464773,2003-03,3.0,2003.0,"[{zone_id=1, sum=1.6182747039917456}, {zone_id=2, sum=82.73835103815732}, {zone_id=3, sum=283.7069899661207}, {zone_id=4, sum=101.16000460921737}]","{""type"":""MultiPoint"",""coordinates"":[]}"
39,7.808883545569084E-4,9368539.521226415,264.7150032475309,2003-04,4.0,2003.0,"[{zone_id=1, sum=0.03251681956845238}, {zone_id=2, sum=21.37874084763907}, {zone_id=3, sum=206.0641384074314}, {zone_id=4, sum=102.83013644400211}]","{""type"":""MultiPoint"",""coordinates"":[]}"
40,0.0011280898959499471,1.1076542185141508E7,267.9346690627764,2003-05,5.0,2003.0,"[{zone_id=1, sum=0.0}, {zone_id=2, sum=4.3697143758335235}, {zone_id=3, sum=122.06076263228177}, {zone_id=4, sum=99.97009464111204}]","{""type"":""MultiPoint"",""coordinates"":[]}"
41,0.0054319562136225736,7304829.340801886,272.9103839802292,2003-06,6.0,2003.0,"[{zone_id=1, sum=0.0}, {zone_id=2, sum=1.6019283809906235}, {zone_id=3, sum=68.02896551240721}, {zone_id=4, sum=83.50133551368526}]","{""type"":""MultiPoint"",""coordinates"":[]}"
42,0.00690082677772674,6107823.444575472,273.95994395130083,2003-07,7.0,2003.0,"[{zone_id=1, sum=0.0}, {zone_id=2, sum=1.7325823792403607}, {zone_id=3, sum=69.26902766891212}, {zone_id=4, sum=83.48063537983273}]","{""type"":""MultiPoint"",""coordinates"":[]}"
43,0.005703630237752256,6734916.016509436,274.3498169521116,2003-08,8.0,2003.0,"[{zone_id=1, sum=0.0}, {zone_id=2, sum=0.5798237869970205}, {zone_id=3, sum=61.0731810398038}, {zone_id=4, sum=83.11967094928465}]","{""type"":""MultiPoint"",""coordinates"":[]}"
44,0.004161070057740667,6528543.2131485855,272.76130849010536,2003-09,9.0,2003.0,"[{zone_id=1, sum=0.0}, {zone_id=2, sum=3.548367128253928}, {zone_id=3, sum=88.62747267755506}, {zone_id=4, sum=90.31020049386808}]","{""type"":""MultiPoint"",""coordinates"":[]}"
45,0.0028031804250651542,6018970.922464624,265.9017929940853,2003-10,10.0,2003.0,"[{zone_id=1, sum=0.48897965596652687}, {zone_id=2, sum=21.02778428106305}, {zone_id=3, sum=166.23115904312428}, {zone_id=4, sum=102.84506401662955}]","{""type"":""MultiPoint"",""coordinates"":[]}"
46,1.841388605365658E-4,5747848.941037735,260.4087538809146,2003-11,11.0,2003.0,"[{zone_id=1, sum=0.008812545625}, {zone_id=2, sum=10.11369790510333}, {zone_id=3, sum=159.48742243099846}, {zone_id=4, sum=102.09051744503392}]","{""type"":""MultiPoint"",""coordinates"":[]}"
47,8.795158583835764E-4,5399995.21226415,257.63447657171287,2003-12,12.0,2003.0,"[{zone_id=1, sum=4.568036805163813}, {zone_id=2, sum=22.959877556247072}, {zone_id=3, sum=122.78413949539757}, {zone_id=4, sum=99.47122613844829}]","{""type"":""MultiPoint"",""coordinates"":[]}"
48,9.098251551239508E-4,3488288.6143867923,253.95891815761354,2004-01,1.0,2004.0,"[{zone_id=1, sum=6.109614591781737}, {zone_id=2, sum=60.326243914188524}, {zone_id=3, sum=179.19710251210148}, {zone_id=4, sum=98.30600505257985}]","{""type"":""MultiPoint"",""coordinates"":[]}"
49,1.8188149075491688E-4,5446247.727594338,256.0728215631449,2004-02,2.0,2004.0,"[{zone_id=1, sum=1.2281426234033148}, {zone_id=2, sum=33.43869737375252}, {zone_id=3, sum=160.6174144081475}, {zone_id=4, sum=99.354225487366}]","{""type"":""MultiPoint"",""coordinates"":[]}"
50,5.00661373898079E-4,9020025.456367923,262.94924494905285,2004-03,3.0,2004.0,"[{zone_id=1, sum=0.0}, {zone_id=2, sum=1.8031628519161722}, {zone_id=3, sum=96.40382582248674}, {zone_id=4, sum=96.82244519404867}]","{""type"":""MultiPoint"",""coordinates"":[]}"
51,0.0017014182853069182,9128603.057783017,265.5711868574034,2004-04,4.0,2004.0,"[{zone_id=1, sum=0.0316277811698718}, {zone_id=2, sum=9.092287852696753}, {zone_id=3, sum=138.83107031707715}, {zone_id=4, sum=100.96971446898982}]","{""type"":""MultiPoint"",""coordinates"":[]}"
52,0.0028831092635534404,8786090.488207547,269.66751818387013,2004-05,5.0,2004.0,"[{zone_id=1, sum=0.02001715625}, {zone_id=2, sum=4.878615591937036}, {zone_id=3, sum=105.3200314514555}, {zone_id=4, sum=94.99231454911015}]","{""type"":""MultiPoint"",""coordinates"":[]}"
53,0.0043489163004813,7867333.056603773,272.6326311219413,2004-06,6.0,2004.0,"[{zone_id=1, sum=0.0}, {zone_id=2, sum=3.5111818682430203}, {zone_id=3, sum=63.53135388962889}, {zone_id=4, sum=85.05235922160553}]","{""type"":""MultiPoint"",""coordinates"":[]}"
54,0.009086693165776746,5428289.558962265,273.24190420474645,2004-07,7.0,2004.0,"[{zone_id=1, sum=0.0}, {zone_id=2, sum=10.4949130823412}, {zone_id=3, sum=91.42090960032093}, {zone_id=4, sum=86.0381597343585}]","{""type"":""MultiPoint"",""coordinates"":[]}"
55,0.004973457094546842,7152536.686320755,274.14056396484375,2004-08,8.0,2004.0,"[{zone_id=1, sum=0.47626742653094983}, {zone_id=2, sum=7.399682392647767}, {zone_id=3, sum=93.93938798754213}, {zone_id=4, sum=92.89221037507424}]","{""type"":""MultiPoint"",""coordinates"":[]}"
56,0.003190969108587987,6850913.757370282,272.5822178102889,2004-09,9.0,2004.0,"[{zone_id=1, sum=0.06938454365556318}, {zone_id=2, sum=4.618586448987005}, {zone_id=3, sum=88.92386773459506}, {zone_id=4, sum=92.24855683373151}]","{""type"":""MultiPoint"",""coordinates"":[]}"
57,0.001593516599136133,6828440.883181014,263.8192360356169,2004-10,10.0,2004.0,"[{zone_id=1, sum=0.04347683191884709}, {zone_id=2, sum=12.541551816343727}, {zone_id=3, sum=128.88995955477978}, {zone_id=4, sum=99.27886170471703}]","{""type"":""MultiPoint"",""coordinates"":[]}"
58,4.114181794759717E-4,6754563.858490567,260.3378333325656,2004-11,11.0,2004.0,"[{zone_id=1, sum=0.12635593617756247}, {zone_id=2, sum=11.652660511862118}, {zone_id=3, sum=134.69829685788955}, {zone_id=4, sum=102.4084699119282}]","{""type"":""MultiPoint"",""coordinates"":[]}"
59,3.25829698391866E-4,6444830.582547168,261.5275585246536,2004-12,12.0,2004.0,"[{zone_id=1, sum=0.023831685718201753}, {zone_id=2, sum=4.464855209081807}, {zone_id=3, sum=110.78294939178913}, {zone_id=4, sum=100.72878474302979}]","{""type"":""MultiPoint"",""coordinates"":[]}"
60,0.002413679272032763,4567987.268867924,254.90345274727298,2005-01,1.0,2005.0,"[{zone_id=1, sum=1.3925512074694353}, {zone_id=2, sum=32.95820993551318}, {zone_id=3, sum=144.4392450182123}, {zone_id=4, sum=98.06624980156036}]","{""type"":""MultiPoint"",""coordinates"":[]}"
61,0.0011338680739651674,3609094.5389150945,254.37601629293192,2005-02,2.0,2005.0,"[{zone_id=1, sum=1.3137322699942322}, {zone_id=2, sum=72.81638680707047}, {zone_id=3, sum=253.47280508768355}, {zone_id=4, sum=92.45533525309122}]","{""type"":""MultiPoint"",""coordinates"":[]}"
62,7.448455930812688E-4,4910016.741745282,258.6601700692807,2005-03,3.0,2005.0,"[{zone_id=1, sum=0.8316258684961746}, {zone_id=2, sum=40.15379274214409}, {zone_id=3, sum=218.48362139922642}, {zone_id=4, sum=102.63592000796982}]","{""type"":""MultiPoint"",""coordinates"":[]}"
63,8.671130282938868E-4,8150272.19929245,262.5075208555977,2005-04,4.0,2005.0,"[{zone_id=1, sum=0.0}, {zone_id=2, sum=9.229404976770264}, {zone_id=3, sum=140.22021655347493}, {zone_id=4, sum=99.10560186225676}]","{""type"":""MultiPoint"",""coordinates"":[]}"
64,9.213774589886939E-4,1.0770377691037735E7,267.36166525786774,2005-05,5.0,2005.0,"[{zone_id=1, sum=0.016943772836538463}, {zone_id=2, sum=6.480584827597411}, {zone_id=3, sum=116.8735567551859}, {zone_id=4, sum=99.46347567421964}]","{""type"":""MultiPoint"",""coordinates"":[]}"
65,0.002845935054647228,8922296.492924528,273.2318601788215,2005-06,6.0,2005.0,"[{zone_id=1, sum=0.0}, {zone_id=2, sum=0.1529650812289726}, {zone_id=3, sum=55.881874409937524}, {zone_id=4, sum=87.33748830266003}]","{""type"":""MultiPoint"",""coordinates"":[]}"
66,0.005748103821679466,7071962.293632076,274.2040998350899,2005-07,7.0,2005.0,"[{zone_id=1, sum=0.0}, {zone_id=2, sum=4.075542397560698}, {zone_id=3, sum=71.36385611332597}, {zone_id=4, sum=84.44470054976642}]","{""type"":""MultiPoint"",""coordinates"":[]}"
67,0.007117745502378142,6225609.589622641,274.22676921340656,2005-08,8.0,2005.0,"[{zone_id=1, sum=0.0}, {zone_id=2, sum=2.1766666640873726}, {zone_id=3, sum=68.92820183502532}, {zone_id=4, sum=83.74557459249621}]","{""type"":""MultiPoint"",""coordinates"":[]}"
68,0.002854367002173775,7141014.241818985,272.56245883005965,2005-09,9.0,2005.0,"[{zone_id=1, sum=0.0}, {zone_id=2, sum=0.16934275191867465}, {zone_id=3, sum=66.6745841973885}, {zone_id=4, sum=92.19389184012063}]","{""type"":""MultiPoint"",""coordinates"":[]}"
69,0.0011934640136664627,7098776.443101415,266.4918607315927,2005-10,10.0,2005.0,"[{zone_id=1, sum=0.009177876953125}, {zone_id=2, sum=7.687767531247459}, {zone_id=3, sum=109.796528401713}, {zone_id=4, sum=99.32708976931326}]","{""type"":""MultiPoint"",""coordinates"":[]}"
70,1.4500499361569177E-4,7499821.95990566,261.5393466589586,2005-11,11.0,2005.0,"[{zone_id=1, sum=0.0}, {zone_id=2, sum=1.2085206380820268}, {zone_id=3, sum=87.86947849762258}, {zone_id=4, sum=99.21428473380556}]","{""type"":""MultiPoint"",""coordinates"":[]}"
71,3.146728985021187E-4,6670805.076650943,259.56845927688306,2005-12,12.0,2005.0,"[{zone_id=1, sum=0.1035685640464628}, {zone_id=2, sum=0.40079941135770925}, {zone_id=3, sum=74.08161731171859}, {zone_id=4, sum=95.28298982883177}]","{""type"":""MultiPoint"",""coordinates"":[]}"
72,2.2898557719218103E-4,7091978.661556603,260.3199324697818,2006-01,1.0,2006.0,"[{zone_id=1, sum=0.0}, {zone_id=2, sum=0.4459934329853345}, {zone_id=3, sum=71.0733652448922}, {zone_id=4, sum=92.23319923120289}]","{""type"":""MultiPoint"",""coordinates"":[]}"
73,3.9862500822016717E-4,7922601.558962261,262.67461668770267,2006-02,2.0,2006.0,"[{zone_id=1, sum=0.0}, {zone_id=2, sum=0.8340068041781119}, {zone_id=3, sum=78.59502126381902}, {zone_id=4, sum=93.8001077357017}]","{""type"":""MultiPoint"",""coordinates"":[]}"
74,0.0021757479498602443,5873680.028301887,258.36669576392984,2006-03,3.0,2006.0,"[{zone_id=1, sum=5.161493134400753}, {zone_id=2, sum=98.89099223709876}, {zone_id=3, sum=260.3448069403242}, {zone_id=4, sum=97.85205117065524}]","{""type"":""MultiPoint"",""coordinates"":[]}"
75,0.00138897742598138,6970819.504716981,262.0257081805535,2006-04,4.0,2006.0,"[{zone_id=1, sum=2.5753768440871174}, {zone_id=2, sum=57.59044200167213}, {zone_id=3, sum=268.1183741593782}, {zone_id=4, sum=102.21358186221059}]","{""type"":""MultiPoint"",""coordinates"":[]}"
76,0.002354344458496452,8744508.201650942,269.3454929567733,2006-05,5.0,2006.0,"[{zone_id=1, sum=0.06408013366477272}, {zone_id=2, sum=12.570220532634425}, {zone_id=3, sum=142.95309839885346}, {zone_id=4, sum=97.30063240848649}]","{""type"":""MultiPoint"",""coordinates"":[]}"
77,0.004271559935956839,8208273.75943396,272.98625787699,2006-06,6.0,2006.0,"[{zone_id=1, sum=0.0}, {zone_id=2, sum=1.8368383831329}, {zone_id=3, sum=71.69312564823596}, {zone_id=4, sum=86.89451347567989}]","{""type"":""MultiPoint"",""coordinates"":[]}"
78,0.005888905303848179,7152177.351415092,274.9441988963001,2006-07,7.0,2006.0,"[{zone_id=1, sum=0.09825598025210083}, {zone_id=2, sum=0.7615360605673305}, {zone_id=3, sum=49.907498961037255}, {zone_id=4, sum=83.24695110674911}]","{""type"":""MultiPoint"",""coordinates"":[]}"
79,0.004684161374426658,7489392.29481132,273.6651637239276,2006-08,8.0,2006.0,"[{zone_id=1, sum=0.11174986588541666}, {zone_id=2, sum=7.147519513023797}, {zone_id=3, sum=88.28951858893139}, {zone_id=4, sum=88.15287953801086}]","{""type"":""MultiPoint"",""coordinates"":[]}"
80,0.004712160976953971,6317315.132075471,271.7944120011239,2006-09,9.0,2006.0,"[{zone_id=1, sum=0.030708786733774036}, {zone_id=2, sum=18.22246114049503}, {zone_id=3, sum=137.5991384113286}, {zone_id=4, sum=93.62200421914864}]","{""type"":""MultiPoint"",""coordinates"":[]}"
81,9.066459041313688E-4,7420891.911188089,265.3935592939269,2006-10,10.0,2006.0,"[{zone_id=1, sum=0.3678085282082598}, {zone_id=2, sum=18.181271317692353}, {zone_id=3, sum=153.0059310992009}, {zone_id=4, sum=101.99886155445273}]","{""type"":""MultiPoint"",""coordinates"":[]}"
82,3.7379418446206253E-4,6885853.240566039,261.3612285110186,2006-11,11.0,2006.0,"[{zone_id=1, sum=0.011014790625}, {zone_id=2, sum=12.882871399249604}, {zone_id=3, sum=147.90095642518148}, {zone_id=4, sum=102.7331036075008}]","{""type"":""MultiPoint"",""coordinates"":[]}"
83,5.680985074986722E-4,5561533.134433962,259.74227214309406,2006-12,12.0,2006.0,"[{zone_id=1, sum=0.4339992714602717}, {zone_id=2, sum=10.577169820654404}, {zone_id=3, sum=118.3905951377178}, {zone_id=4, sum=100.94936024387687}]","{""type"":""MultiPoint"",""coordinates"":[]}"
84,2.700091586699993E-4,7001126.779481132,258.81499409225745,2007-01,1.0,2007.0,"[{zone_id=1, sum=0.0}, {zone_id=2, sum=1.7088795149898268}, {zone_id=3, sum=92.88169517810542}, {zone_id=4, sum=96.50281905864233}]","{""type"":""MultiPoint"",""coordinates"":[]}"
85,0.0019305488299752776,4685151.455188679,255.23830860065962,2007-02,2.0,2007.0,"[{zone_id=1, sum=19.031895818931172}, {zone_id=2, sum=145.37473984042805}, {zone_id=3, sum=294.65710550746843}, {zone_id=4, sum=99.42603296537433}]","{""type"":""MultiPoint"",""coordinates"":[]}"
86,9.770260487027183E-4,4641554.198113207,258.73731994628906,2007-03,3.0,2007.0,"[{zone_id=1, sum=4.429805633859406}, {zone_id=2, sum=108.73229855222077}, {zone_id=3, sum=273.24221807188013}, {zone_id=4, sum=100.1592161245297}]","{""type"":""MultiPoint"",""coordinates"":[]}"
87,9.033085166694671E-4,9407139.50471698,265.3182974761387,2007-04,4.0,2007.0,"[{zone_id=1, sum=0.0}, {zone_id=2, sum=5.219453602924917}, {zone_id=3, sum=118.24659871258991}, {zone_id=4, sum=98.30831661820719}]","{""type"":""MultiPoint"",""coordinates"":[]}"
88,0.0021504666271693904,9423300.791273585,269.8530031600088,2007-05,5.0,2007.0,"[{zone_id=1, sum=0.0}, {zone_id=2, sum=1.9420746723370188}, {zone_id=3, sum=89.87922253835794}, {zone_id=4, sum=96.72311352352153}]","{""type"":""MultiPoint"",""coordinates"":[]}"
89,0.003318580064267666,8651568.660377357,273.54054720896596,2007-06,6.0,2007.0,"[{zone_id=1, sum=0.0}, {zone_id=2, sum=0.5240474160376049}, {zone_id=3, sum=58.131951998953326}, {zone_id=4, sum=88.24015732131623}]","{""type"":""MultiPoint"",""coordinates"":[]}"
90,0.009024907707995217,5279896.446933963,274.0801584495688,2007-07,7.0,2007.0,"[{zone_id=1, sum=0.0}, {zone_id=2, sum=2.431562648289901}, {zone_id=3, sum=60.40455522513808}, {zone_id=4, sum=82.49199955416692}]","{""type"":""MultiPoint"",""coordinates"":[]}"
91,0.006402546485848886,6152817.749999999,273.9091675956294,2007-08,8.0,2007.0,"[{zone_id=1, sum=0.0}, {zone_id=2, sum=4.935695461870237}, {zone_id=3, sum=82.33543647744216}, {zone_id=4, sum=87.06952917771163}]","{""type"":""MultiPoint"",""coordinates"":[]}"
92,0.0054925897829964515,5696352.338222288,272.40040386847727,2007-09,9.0,2007.0,"[{zone_id=1, sum=0.4211844150593049}, {zone_id=2, sum=12.252371780580996}, {zone_id=3, sum=113.01030626851885}, {zone_id=4, sum=92.73817867408789}]","{""type"":""MultiPoint"",""coordinates"":[]}"
93,7.016954021498847E-4,7564078.828640919,268.7648182994914,2007-10,10.0,2007.0,"[{zone_id=1, sum=0.0}, {zone_id=2, sum=6.264004059873303}, {zone_id=3, sum=137.91047167196808}, {zone_id=4, sum=100.00335743430577}]","{""type"":""MultiPoint"",""coordinates"":[]}"
94,3.55388315648819E-4,6786403.899764152,263.6432794534935,2007-11,11.0,2007.0,"[{zone_id=1, sum=0.036712623046875004}, {zone_id=2, sum=11.039703605761156}, {zone_id=3, sum=114.14208982635463}, {zone_id=4, sum=100.64425085778623}]","{""type"":""MultiPoint"",""coordinates"":[]}"
95,3.569360392805909E-4,6519786.787735849,260.79755387216244,2007-12,12.0,2007.0,"[{zone_id=1, sum=0.0}, {zone_id=2, sum=6.59573302638231}, {zone_id=3, sum=101.60204038487157}, {zone_id=4, sum=98.66860736396342}]","{""type"":""MultiPoint"",""coordinates"":[]}"
96,0.0013627255525448761,5427673.010613209,255.61657167830558,2008-01,1.0,2008.0,"[{zone_id=1, sum=0.37453836361937304}, {zone_id=2, sum=14.390386794799673}, {zone_id=3, sum=102.67318844386833}, {zone_id=4, sum=93.0803336883296}]","{""type"":""MultiPoint"",""coordinates"":[]}"
97,3.84933171826217E-4,5543841.643867924,255.40506758779847,2008-02,2.0,2008.0,"[{zone_id=1, sum=0.6360223743524489}, {zone_id=2, sum=9.886819820294903}, {zone_id=3, sum=101.88331987137948}, {zone_id=4, sum=94.97837738362315}]","{""type"":""MultiPoint"",""coordinates"":[]}"
98,5.717681923088865E-4,9386892.608490566,261.3687266223836,2008-03,3.0,2008.0,"[{zone_id=1, sum=0.009177876953125}, {zone_id=2, sum=3.48480094873148}, {zone_id=3, sum=96.20091775524986}, {zone_id=4, sum=95.60033569192123}]","{""type"":""MultiPoint"",""coordinates"":[]}"
99,0.0011274029892279203,1.0106082926886793E7,264.9003287261387,2008-04,4.0,2008.0,"[{zone_id=1, sum=0.348215668384404}, {zone_id=2, sum=13.503327491421254}, {zone_id=3, sum=116.20339509804928}, {zone_id=4, sum=98.24562208810386}]","{""type"":""MultiPoint"",""coordinates"":[]}"
100,0.002105679642767736,9436054.00943396,269.3754154421249,2008-05,5.0,2008.0,"[{zone_id=1, sum=0.0}, {zone_id=2, sum=1.118442092635191}, {zone_id=3, sum=65.51399850763956}, {zone_id=4, sum=89.55070630033472}]","{""type"":""MultiPoint"",""coordinates"":[]}"
101,0.0055675072490276025,7381988.575471696,273.8744791858601,2008-06,6.0,2008.0,"[{zone_id=1, sum=0.0}, {zone_id=2, sum=5.821576053996167}, {zone_id=3, sum=77.0942824320236}, {zone_id=4, sum=84.07981085496469}]","{""type"":""MultiPoint"",""coordinates"":[]}"
102,0.009636589496343483,5621290.199292452,273.67889951310065,2008-07,7.0,2008.0,"[{zone_id=1, sum=0.5275314701636905}, {zone_id=2, sum=11.782746534334912}, {zone_id=3, sum=84.92080198785669}, {zone_id=4, sum=89.92800833782849}]","{""type"":""MultiPoint"",""coordinates"":[]}"
103,0.005790249589536863,6168729.341981132,274.1095883351452,2008-08,8.0,2008.0,"[{zone_id=1, sum=0.0}, {zone_id=2, sum=6.138574402624979}, {zone_id=3, sum=108.97912466771638}, {zone_id=4, sum=95.38419251187763}]","{""type"":""MultiPoint"",""coordinates"":[]}"
104,0.0031291650929960745,7317092.7401975235,271.7929598250479,2008-09,9.0,2008.0,"[{zone_id=1, sum=0.5744225836739815}, {zone_id=2, sum=2.336930764919557}, {zone_id=3, sum=84.42452958830582}, {zone_id=4, sum=87.45171924518161}]","{""type"":""MultiPoint"",""coordinates"":[]}"
105,6.324951851297556E-4,7718902.489313089,266.33781663426817,2008-10,10.0,2008.0,"[{zone_id=1, sum=0.0}, {zone_id=2, sum=2.2443368260865335}, {zone_id=3, sum=111.59119885620058}, {zone_id=4, sum=99.62995005924137}]","{""type"":""MultiPoint"",""coordinates"":[]}"
106,2.47196691627735E-4,7102024.587264151,265.350280473817,2008-11,11.0,2008.0,"[{zone_id=1, sum=0.009179735026041667}, {zone_id=2, sum=1.4513357041815964}, {zone_id=3, sum=103.72878229132537}, {zone_id=4, sum=100.88992672228804}]","{""type"":""MultiPoint"",""coordinates"":[]}"
107,1.6605456401302428E-4,6594279.800707545,263.08764245375147,2008-12,12.0,2008.0,"[{zone_id=1, sum=0.0}, {zone_id=2, sum=1.921235543055674}, {zone_id=3, sum=98.03877371946666}, {zone_id=4, sum=99.341958687437}]","{""type"":""MultiPoint"",""coordinates"":[]}"
108,1.5775358378788336E-4,7203922.391509433,260.74050586628465,2009-01,1.0,2009.0,"[{zone_id=1, sum=0.0}, {zone_id=2, sum=1.0369271309208477}, {zone_id=3, sum=85.00379780883269}, {zone_id=4, sum=96.19356076108048}]","{""type"":""MultiPoint"",""coordinates"":[]}"
109,4.5714348580763465E-4,8285441.1155660385,259.94815783230763,2009-02,2.0,2009.0,"[{zone_id=1, sum=0.0}, {zone_id=2, sum=4.410374311044193}, {zone_id=3, sum=93.30772133645478}, {zone_id=4, sum=95.65036818730269}]","{""type"":""MultiPoint"",""coordinates"":[]}"
110,9.223913425472038E-4,8895892.113207547,261.42962761645055,2009-03,3.0,2009.0,"[{zone_id=1, sum=0.15061945919974878}, {zone_id=2, sum=17.786043333158787}, {zone_id=3, sum=135.75717620184165}, {zone_id=4, sum=94.82580057813726}]","{""type"":""MultiPoint"",""coordinates"":[]}"
111,8.047039134324667E-4,1.0130590906839624E7,267.14381552642243,2009-04,4.0,2009.0,"[{zone_id=1, sum=0.1409115364869887}, {zone_id=2, sum=17.528112417733546}, {zone_id=3, sum=154.07661530889976}, {zone_id=4, sum=100.49122929780731}]","{""type"":""MultiPoint"",""coordinates"":[]}"
112,0.004148661901248883,8616339.580188679,268.77691276118446,2009-05,5.0,2009.0,"[{zone_id=1, sum=0.03146700669642857}, {zone_id=2, sum=22.128615994110334}, {zone_id=3, sum=147.56764753561663}, {zone_id=4, sum=95.87530785162184}]","{""type"":""MultiPoint"",""coordinates"":[]}"
113,0.0031183775894155514,8575658.915094338,272.9753636774027,2009-06,6.0,2009.0,"[{zone_id=1, sum=0.0}, {zone_id=2, sum=7.6029787801662465}, {zone_id=3, sum=129.94349849511943}, {zone_id=4, sum=94.146211810124}]","{""type"":""MultiPoint"",""coordinates"":[]}"
114,0.006927398677916852,6703146.688679246,274.5387296856574,2009-07,7.0,2009.0,"[{zone_id=1, sum=0.0}, {zone_id=2, sum=3.1226260472929277}, {zone_id=3, sum=60.98175394180268}, {zone_id=4, sum=82.5851799965782}]","{""type"":""MultiPoint"",""coordinates"":[]}"
115,0.006268591994779519,6273259.922169811,274.0854296414357,2009-08,8.0,2009.0,"[{zone_id=1, sum=0.0}, {zone_id=2, sum=3.254464370066659}, {zone_id=3, sum=57.244481153380384}, {zone_id=4, sum=77.83727340562162}]","{""type"":""MultiPoint"",""coordinates"":[]}"
116,0.0032251922965864438,7187398.286851415,272.2972216336232,2009-09,9.0,2009.0,"[{zone_id=1, sum=0.0}, {zone_id=2, sum=1.1651493167409164}, {zone_id=3, sum=76.76987110194868}, {zone_id=4, sum=92.56911550694046}]","{""type"":""MultiPoint"",""coordinates"":[]}"
117,0.003387815597476511,6092105.560436321,266.2713908069538,2009-10,10.0,2009.0,"[{zone_id=1, sum=0.0}, {zone_id=2, sum=2.428694713219747}, {zone_id=3, sum=125.85605051381067}, {zone_id=4, sum=100.71449711398236}]","{""type"":""MultiPoint"",""coordinates"":[]}"
118,0.0010683570404035837,5236733.930424528,261.46603192023514,2009-11,11.0,2009.0,"[{zone_id=1, sum=0.0}, {zone_id=2, sum=6.6492368615900865}, {zone_id=3, sum=122.38712544987324}, {zone_id=4, sum=100.0092414218928}]","{""type"":""MultiPoint"",""coordinates"":[]}"
119,4.066589571661063E-4,5800712.673349056,257.6882629394531,2009-12,12.0,2009.0,"[{zone_id=1, sum=0.0}, {zone_id=2, sum=2.99540764046214}, {zone_id=3, sum=87.6806316713935}, {zone_id=4, sum=95.36778269523717}]","{""type"":""MultiPoint"",""coordinates"":[]}"
120,2.669792512420518E-4,6461252.926886793,257.81718070552034,2010-01,1.0,2010.0,"[{zone_id=1, sum=0.2343027805778442}, {zone_id=2, sum=15.48613668315711}, {zone_id=3, sum=110.43423302524148}, {zone_id=4, sum=93.59365060239563}]","{""type"":""MultiPoint"",""coordinates"":[]}"
121,0.0013996057347163888,4877873.659198113,255.85544658157062,2010-02,2.0,2010.0,"[{zone_id=1, sum=1.5499031066623408}, {zone_id=2, sum=51.14685453451584}, {zone_id=3, sum=190.11838714343148}, {zone_id=4, sum=93.12842755190978}]","{""type"":""MultiPoint"",""coordinates"":[]}"
122,5.169869275215754E-4,8049405.590801887,261.8444729211196,2010-03,3.0,2010.0,"[{zone_id=1, sum=0.4301415535799778}, {zone_id=2, sum=31.79034665666467}, {zone_id=3, sum=190.9882674009485}, {zone_id=4, sum=98.2263178636754}]","{""type"":""MultiPoint"",""coordinates"":[]}"
123,9.980643986842932E-4,1.0517012174528299E7,266.3731905379385,2010-04,4.0,2010.0,"[{zone_id=1, sum=0.0}, {zone_id=2, sum=1.628355392199594}, {zone_id=3, sum=91.28838310072406}, {zone_id=4, sum=96.18381025149205}]","{""type"":""MultiPoint"",""coordinates"":[]}"
124,0.0018720825208505337,9760464.5495283,269.49415386847727,2010-05,5.0,2010.0,"[{zone_id=1, sum=0.0}, {zone_id=2, sum=2.423526247460029}, {zone_id=3, sum=98.21365877668953}, {zone_id=4, sum=97.36245656697798}]","{""type"":""MultiPoint"",""coordinates"":[]}"
125,0.002922485590544348,9252209.528301885,273.6793662017247,2010-06,6.0,2010.0,"[{zone_id=1, sum=0.0}, {zone_id=2, sum=0.2146391673914238}, {zone_id=3, sum=53.87711584147862}, {zone_id=4, sum=84.5187510460022}]","{""type"":""MultiPoint"",""coordinates"":[]}"
126,0.008881296669007395,5523716.094339622,274.2414979754754,2010-07,7.0,2010.0,"[{zone_id=1, sum=0.0}, {zone_id=2, sum=5.417620156872521}, {zone_id=3, sum=54.03976457965544}, {zone_id=4, sum=72.1318085924235}]","{""type"":""MultiPoint"",""coordinates"":[]}"
127,0.008302757653583919,5451051.178066038,274.24581477327166,2010-08,8.0,2010.0,"[{zone_id=1, sum=0.7120668023284316}, {zone_id=2, sum=2.317556336724342}, {zone_id=3, sum=62.44870121472742}, {zone_id=4, sum=83.8122435294236}]","{""type"":""MultiPoint"",""coordinates"":[]}"
128,0.004742647324573192,5989965.074587265,272.2766691963628,2010-09,9.0,2010.0,"[{zone_id=1, sum=1.0872436019496738}, {zone_id=2, sum=4.256294391431973}, {zone_id=3, sum=95.72105637269433}, {zone_id=4, sum=91.91291228284582}]","{""type"":""MultiPoint"",""coordinates"":[]}"
129,0.001774791521007878,7339454.230984671,267.4290921193249,2010-10,10.0,2010.0,"[{zone_id=1, sum=0.0}, {zone_id=2, sum=2.3684021865140257}, {zone_id=3, sum=116.80942511923708}, {zone_id=4, sum=101.09802284473236}]","{""type"":""MultiPoint"",""coordinates"":[]}"
130,3.691156095603117E-4,5306948.140330188,262.12099730293704,2010-11,11.0,2010.0,"[{zone_id=1, sum=0.0}, {zone_id=2, sum=11.534055926797658}, {zone_id=3, sum=133.54608919606616}, {zone_id=4, sum=101.13382492377013}]","{""type"":""MultiPoint"",""coordinates"":[]}"
131,6.63616946140783E-4,6861798.797169811,257.7795470615603,2010-12,12.0,2010.0,"[{zone_id=1, sum=0.007597022090517241}, {zone_id=2, sum=1.3377816523946342}, {zone_id=3, sum=81.08321912990361}, {zone_id=4, sum=96.65128948971989}]","{""type"":""MultiPoint"",""coordinates"":[]}"
132,3.632913587249997E-4,5443102.262971698,254.06888162864826,2011-01,1.0,2011.0,"[{zone_id=1, sum=0.0}, {zone_id=2, sum=2.6867274784244306}, {zone_id=3, sum=79.6984901027888}, {zone_id=4, sum=92.5369713567465}]","{""type"":""MultiPoint"",""coordinates"":[]}"
133,0.0015675207543334282,6035784.951650944,255.53688855441106,2011-02,2.0,2011.0,"[{zone_id=1, sum=4.864888599871237}, {zone_id=2, sum=65.1271686908113}, {zone_id=3, sum=172.74110879579138}, {zone_id=4, sum=94.2206748536482}]","{""type"":""MultiPoint"",""coordinates"":[]}"
134,6.626184514203179E-4,6595440.945754717,259.17830758724574,2011-03,3.0,2011.0,"[{zone_id=1, sum=0.4734201095797789}, {zone_id=2, sum=48.95050016059528}, {zone_id=3, sum=194.51327027459058}, {zone_id=4, sum=96.61714945508955}]","{""type"":""MultiPoint"",""coordinates"":[]}"
135,0.0013699049052609913,9608207.127358489,263.02734662901685,2011-04,4.0,2011.0,"[{zone_id=1, sum=0.11432896778345353}, {zone_id=2, sum=20.552751529325672}, {zone_id=3, sum=165.42443506043915}, {zone_id=4, sum=100.45727491244537}]","{""type"":""MultiPoint"",""coordinates"":[]}"
136,0.0020058639789602,9357929.408018867,269.2105309828272,2011-05,5.0,2011.0,"[{zone_id=1, sum=0.044064509375000005}, {zone_id=2, sum=3.73266844527245}, {zone_id=3, sum=116.82488473277759}, {zone_id=4, sum=98.35640259331797}]","{""type"":""MultiPoint"",""coordinates"":[]}"
137,0.0065645212539321915,7904639.806603774,272.8186950683594,2011-06,6.0,2011.0,"[{zone_id=1, sum=0.0}, {zone_id=2, sum=1.199754153228618}, {zone_id=3, sum=76.89543649964646}, {zone_id=4, sum=85.2259963170198}]","{""type"":""MultiPoint"",""coordinates"":[]}"
138,0.00810751220131497,5453228.674528302,273.84168574495135,2011-07,7.0,2011.0,"[{zone_id=1, sum=4.150603171103598}, {zone_id=2, sum=15.151868969649621}, {zone_id=3, sum=112.14557259044383}, {zone_id=4, sum=92.70206560996438}]","{""type"":""MultiPoint"",""coordinates"":[]}"
139,0.007363884537790857,5646886.981132075,273.22820670649696,2011-08,8.0,2011.0,"[{zone_id=1, sum=0.0}, {zone_id=2, sum=4.139541837131058}, {zone_id=3, sum=95.96068075836725}, {zone_id=4, sum=90.49403323855728}]","{""type"":""MultiPoint"",""coordinates"":[]}"
140,0.006875636576166754,5502264.926813089,272.17616387133324,2011-09,9.0,2011.0,"[{zone_id=1, sum=0.0440431}, {zone_id=2, sum=22.57353074233281}, {zone_id=3, sum=125.65535257808435}, {zone_id=4, sum=88.842520940561}]","{""type"":""MultiPoint"",""coordinates"":[]}"
141,0.0010187297347745284,6812219.830852003,265.36672973632807,2011-10,10.0,2011.0,"[{zone_id=1, sum=0.0}, {zone_id=2, sum=15.83727403590752}, {zone_id=3, sum=177.26007345539116}, {zone_id=4, sum=102.1407895512194}]","{""type"":""MultiPoint"",""coordinates"":[]}"
142,2.4659935134225646E-4,6896741.182783019,263.1951118325287,2011-11,11.0,2011.0,"[{zone_id=1, sum=0.0}, {zone_id=2, sum=4.570384127726787}, {zone_id=3, sum=122.65432457556652}, {zone_id=4, sum=101.43822252373099}]","{""type"":""MultiPoint"",""coordinates"":[]}"
143,1.939189345539232E-4,6519848.71462264,262.6526143775796,2011-12,12.0,2011.0,"[{zone_id=1, sum=0.0}, {zone_id=2, sum=1.330029534560266}, {zone_id=3, sum=95.89554287624485}, {zone_id=4, sum=98.71820575154425}]","{""type"":""MultiPoint"",""coordinates"":[]}"
144,9.849509149101425E-4,4251620.188679245,251.92220464742405,2012-01,1.0,2012.0,"[{zone_id=1, sum=1.239627241569749}, {zone_id=2, sum=42.99582412441972}, {zone_id=3, sum=167.05142256533713}, {zone_id=4, sum=96.39376244697925}]","{""type"":""MultiPoint"",""coordinates"":[]}"
145,0.002449237971340376,4317451.371462264,254.78423007029406,2012-02,2.0,2012.0,"[{zone_id=1, sum=0.08181947962645077}, {zone_id=2, sum=29.08403427789456}, {zone_id=3, sum=161.99260026080069}, {zone_id=4, sum=92.03018384374933}]","{""type"":""MultiPoint"",""coordinates"":[]}"
146,8.371292824449484E-4,4918028.8455188675,257.76112567253836,2012-03,3.0,2012.0,"[{zone_id=1, sum=0.026116127554086536}, {zone_id=2, sum=18.809972793399464}, {zone_id=3, sum=148.0443866872079}, {zone_id=4, sum=95.31698070569132}]","{""type"":""MultiPoint"",""coordinates"":[]}"
147,7.508046425748875E-4,8977100.343160378,263.1685557815263,2012-04,4.0,2012.0,"[{zone_id=1, sum=0.1069898675941155}, {zone_id=2, sum=11.21131652190268}, {zone_id=3, sum=144.6715559512005}, {zone_id=4, sum=100.41194598514838}]","{""type"":""MultiPoint"",""coordinates"":[]}"
148,0.0013201397472893974,1.0242401746462261E7,268.5024776818617,2012-05,5.0,2012.0,"[{zone_id=1, sum=0.033043329947916665}, {zone_id=2, sum=4.049859895110839}, {zone_id=3, sum=96.12067817286169}, {zone_id=4, sum=97.16303919643173}]","{""type"":""MultiPoint"",""coordinates"":[]}"
149,0.004648585566024325,8306980.183962262,273.6785822454488,2012-06,6.0,2012.0,"[{zone_id=1, sum=0.0}, {zone_id=2, sum=0.37853464169827467}, {zone_id=3, sum=47.50919040205456}, {zone_id=4, sum=85.15852524604105}]","{""type"":""MultiPoint"",""coordinates"":[]}"
150,0.007923319960767922,5906038.704009433,274.441176504459,2012-07,7.0,2012.0,"[{zone_id=1, sum=1.438639589607259}, {zone_id=2, sum=5.853688180905458}, {zone_id=3, sum=49.23030235070342}, {zone_id=4, sum=73.12099852971282}]","{""type"":""MultiPoint"",""coordinates"":[]}"
151,0.005074116163784935,7021687.123820756,274.17676644955037,2012-08,8.0,2012.0,"[{zone_id=1, sum=0.10536678490093955}, {zone_id=2, sum=1.8527046844685915}, {zone_id=3, sum=58.55978821701461}, {zone_id=4, sum=85.52001855737839}]","{""type"":""MultiPoint"",""coordinates"":[]}"
152,0.007217021509190229,5792246.7202977585,271.57245564010907,2012-09,9.0,2012.0,"[{zone_id=1, sum=0.08858029663611894}, {zone_id=2, sum=1.2299438205669277}, {zone_id=3, sum=80.13883451777396}, {zone_id=4, sum=94.32258815542812}]","{""type"":""MultiPoint"",""coordinates"":[]}"
153,6.410284586598571E-4,8232559.955925708,265.2033118481906,2012-10,10.0,2012.0,"[{zone_id=1, sum=0.0}, {zone_id=2, sum=1.7810431605016772}, {zone_id=3, sum=92.58927458751315}, {zone_id=4, sum=100.61712109930747}]","{""type"":""MultiPoint"",""coordinates"":[]}"
154,2.3430701488120383E-4,7338011.373820753,261.9784698486328,2012-11,11.0,2012.0,"[{zone_id=1, sum=0.0}, {zone_id=2, sum=0.6781850173192305}, {zone_id=3, sum=80.73585301328872}, {zone_id=4, sum=98.99550923180897}]","{""type"":""MultiPoint"",""coordinates"":[]}"
155,2.537834239444048E-4,6711838.081367925,260.86825187251253,2012-12,12.0,2012.0,"[{zone_id=1, sum=0.0}, {zone_id=2, sum=2.2338832306638725}, {zone_id=3, sum=76.29205758045586}, {zone_id=4, sum=95.37833746165148}]","{""type"":""MultiPoint"",""coordinates"":[]}"
156,8.266219421005981E-4,5482187.284198113,256.2261341022995,2013-01,1.0,2013.0,"[{zone_id=1, sum=0.25468711089203216}, {zone_id=2, sum=15.437575060660595}, {zone_id=3, sum=104.47423280538338}, {zone_id=4, sum=93.79038953055388}]","{""type"":""MultiPoint"",""coordinates"":[]}"
157,0.0034511740783307442,3618279.8455188684,255.36129703161848,2013-02,2.0,2013.0,"[{zone_id=1, sum=8.826280864837683}, {zone_id=2, sum=133.04811719249892}, {zone_id=3, sum=317.44061381054297}, {zone_id=4, sum=99.68516452098552}]","{""type"":""MultiPoint"",""coordinates"":[]}"
158,1.978345515588976E-4,5681926.46226415,259.28183328880453,2013-03,3.0,2013.0,"[{zone_id=1, sum=0.9619894820467589}, {zone_id=2, sum=75.03283013150867}, {zone_id=3, sum=277.17031135243116}, {zone_id=4, sum=100.48021615097349}]","{""type"":""MultiPoint"",""coordinates"":[]}"
159,0.0011285329829331015,8887488.143867925,263.5035037634508,2013-04,4.0,2013.0,"[{zone_id=1, sum=0.08552421667286708}, {zone_id=2, sum=18.723300660771592}, {zone_id=3, sum=168.64359266694825}, {zone_id=4, sum=98.61668028669146}]","{""type"":""MultiPoint"",""coordinates"":[]}"
160,0.0033557192119589995,9517354.153301887,269.2225146023733,2013-05,5.0,2013.0,"[{zone_id=1, sum=0.07596481272546898}, {zone_id=2, sum=5.444267041942558}, {zone_id=3, sum=80.0808861552216}, {zone_id=4, sum=87.14160723566678}]","{""type"":""MultiPoint"",""coordinates"":[]}"
161,0.005306773672336844,6885117.926886791,273.64167468952684,2013-06,6.0,2013.0,"[{zone_id=1, sum=2.7538149456772145}, {zone_id=2, sum=18.070033519227284}, {zone_id=3, sum=80.23555158561389}, {zone_id=4, sum=85.48433051776706}]","{""type"":""MultiPoint"",""coordinates"":[]}"
162,0.008391852267476345,5692958.959905661,274.4075602405476,2013-07,7.0,2013.0,"[{zone_id=1, sum=0.0}, {zone_id=2, sum=5.425721475725889}, {zone_id=3, sum=67.89617709720139}, {zone_id=4, sum=84.69946293623147}]","{""type"":""MultiPoint"",""coordinates"":[]}"
163,0.0054499674807932524,6555883.382075471,273.92565111844044,2013-08,8.0,2013.0,"[{zone_id=1, sum=0.06117394878472222}, {zone_id=2, sum=4.308723642170843}, {zone_id=3, sum=73.58259453738083}, {zone_id=4, sum=85.82272446294444}]","{""type"":""MultiPoint"",""coordinates"":[]}"
164,0.00324984527331356,7394060.373157429,272.00048223531473,2013-09,9.0,2013.0,"[{zone_id=1, sum=0.0}, {zone_id=2, sum=0.8243845196627055}, {zone_id=3, sum=66.87548324687475}, {zone_id=4, sum=88.25576343346685}]","{""type"":""MultiPoint"",""coordinates"":[]}"
165,0.004423391818253128,5282315.654849645,266.12620774754936,2013-10,10.0,2013.0,"[{zone_id=1, sum=0.03637326316817434}, {zone_id=2, sum=90.4319720764449}, {zone_id=3, sum=295.0898633911049}, {zone_id=4, sum=101.45977157046332}]","{""type"":""MultiPoint"",""coordinates"":[]}"
166,1.621571666944719E-4,6744901.864386793,260.95983598817065,2013-11,11.0,2013.0,"[{zone_id=1, sum=0.031770450819450145}, {zone_id=2, sum=61.80320240865657}, {zone_id=3, sum=278.81741251588596}, {zone_id=4, sum=103.41000292859763}]","{""type"":""MultiPoint"",""coordinates"":[]}"
167,2.0428882722617854E-4,6168150.000000001,258.60645654066553,2013-12,12.0,2013.0,"[{zone_id=1, sum=0.29449683894580636}, {zone_id=2, sum=14.670103418679554}, {zone_id=3, sum=162.0956070318906}, {zone_id=4, sum=101.11405153241296}]","{""type"":""MultiPoint"",""coordinates"":[]}"
168,0.0011680058302068952,4782767.645047169,255.8576392407687,2014-01,1.0,2014.0,"[{zone_id=1, sum=1.3564672944907896}, {zone_id=2, sum=34.840360037708194}, {zone_id=3, sum=156.2128927266818}, {zone_id=4, sum=97.99184624454489}]","{""type"":""MultiPoint"",""coordinates"":[]}"
169,0.0021275682916102336,4158554.619103773,255.28262127570383,2014-02,2.0,2014.0,"[{zone_id=1, sum=0.0367115078125}, {zone_id=2, sum=25.578128907627164}, {zone_id=3, sum=173.53908825816998}, {zone_id=4, sum=97.9032727898462}]","{""type"":""MultiPoint"",""coordinates"":[]}"
170,6.116388439636467E-4,5208210.147405661,257.5614419613244,2014-03,3.0,2014.0,"[{zone_id=1, sum=1.767828039123658}, {zone_id=2, sum=63.89740408934674}, {zone_id=3, sum=249.0151625295455}, {zone_id=4, sum=101.05184701710937}]","{""type"":""MultiPoint"",""coordinates"":[]}"
171,7.204898034360067E-4,8878574.319575472,263.11414639454966,2014-04,4.0,2014.0,"[{zone_id=1, sum=0.0191495625}, {zone_id=2, sum=9.148297846850726}, {zone_id=3, sum=131.59917680459534}, {zone_id=4, sum=99.98782585167194}]","{""type"":""MultiPoint"",""coordinates"":[]}"
172,0.00317776243326011,9436422.161556603,268.2963133038215,2014-05,5.0,2014.0,"[{zone_id=1, sum=0.01693484495192308}, {zone_id=2, sum=19.403009447842912}, {zone_id=3, sum=127.59710327156901}, {zone_id=4, sum=97.7859485937833}]","{""type"":""MultiPoint"",""coordinates"":[]}"
173,0.0037270058899107083,8175120.195754718,273.30175147866305,2014-06,6.0,2014.0,"[{zone_id=1, sum=0.0}, {zone_id=2, sum=4.369860581068914}, {zone_id=3, sum=79.56715886928833}, {zone_id=4, sum=85.50902252786365}]","{""type"":""MultiPoint"",""coordinates"":[]}"
174,0.00773132958492178,6257618.262971697,274.5403986516988,2014-07,7.0,2014.0,"[{zone_id=1, sum=0.0}, {zone_id=2, sum=5.045842254588476}, {zone_id=3, sum=61.002730648891415}, {zone_id=4, sum=79.35757753426384}]","{""type"":""MultiPoint"",""coordinates"":[]}"
175,0.006578549154191246,6158171.370283018,273.91209728312947,2014-08,8.0,2014.0,"[{zone_id=1, sum=0.0}, {zone_id=2, sum=7.515131420835174}, {zone_id=3, sum=61.37137110853424}, {zone_id=4, sum=85.51170612765556}]","{""type"":""MultiPoint"",""coordinates"":[]}"
176,0.004015340894464419,6608476.473614384,271.7952077613686,2014-09,9.0,2014.0,"[{zone_id=1, sum=0.0}, {zone_id=2, sum=1.0790269679882112}, {zone_id=3, sum=78.05755413352837}, {zone_id=4, sum=89.28855737624129}]","{""type"":""MultiPoint"",""coordinates"":[]}"
177,0.0014808553908289709,6588258.615787146,264.5252008977926,2014-10,10.0,2014.0,"[{zone_id=1, sum=0.31018325156073784}, {zone_id=2, sum=47.423622715368786}, {zone_id=3, sum=224.44787377121463}, {zone_id=4, sum=101.76373489124393}]","{""type"":""MultiPoint"",""coordinates"":[]}"
178,1.3707454729468876E-4,7300795.341981129,263.1856643388856,2014-11,11.0,2014.0,"[{zone_id=1, sum=0.0}, {zone_id=2, sum=9.327103877411469}, {zone_id=3, sum=157.3208908947336}, {zone_id=4, sum=102.41480487384555}]","{""type"":""MultiPoint"",""coordinates"":[]}"
179,0.001831453272248871,4440234.751179245,259.36312002505895,2014-12,12.0,2014.0,"[{zone_id=1, sum=2.9615236892378003}, {zone_id=2, sum=56.40822553813859}, {zone_id=3, sum=187.93087516169643}, {zone_id=4, sum=101.2515152833797}]","{""type"":""MultiPoint"",""coordinates"":[]}"
180,0.0020613921438471495,3109822.3691037735,253.93494890320983,2015-01,1.0,2015.0,"[{zone_id=1, sum=3.6443350608617293}, {zone_id=2, sum=107.48911997406962}, {zone_id=3, sum=270.8590055368091}, {zone_id=4, sum=96.72852971992168}]","{""type"":""MultiPoint"",""coordinates"":[]}"
181,6.84856551485592E-4,4671790.575471697,256.4770539481685,2015-02,2.0,2015.0,"[{zone_id=1, sum=1.055407482774831}, {zone_id=2, sum=65.697669962333}, {zone_id=3, sum=233.7212305209387}, {zone_id=4, sum=97.10496702163391}]","{""type"":""MultiPoint"",""coordinates"":[]}"
182,0.0029103076370823678,4180126.390330189,258.2792027311505,2015-03,3.0,2015.0,"[{zone_id=1, sum=8.82670753113718}, {zone_id=2, sum=159.48277124797215}, {zone_id=3, sum=364.87168891316736}, {zone_id=4, sum=102.49852353691529}]","{""type"":""MultiPoint"",""coordinates"":[]}"
183,0.001177229428030155,4985748.313679244,261.2693498719413,2015-04,4.0,2015.0,"[{zone_id=1, sum=0.22064305552572433}, {zone_id=2, sum=67.9544467965769}, {zone_id=3, sum=290.7333922122817}, {zone_id=4, sum=102.59580132022188}]","{""type"":""MultiPoint"",""coordinates"":[]}"
184,5.716050491699051E-4,8511100.266509434,267.4585055945054,2015-05,5.0,2015.0,"[{zone_id=1, sum=0.03059540060763889}, {zone_id=2, sum=16.38807976066979}, {zone_id=3, sum=178.51391624204123}, {zone_id=4, sum=100.83677105082688}]","{""type"":""MultiPoint"",""coordinates"":[]}"
185,0.004390075440692228,8621121.478773585,272.51563536446054,2015-06,6.0,2015.0,"[{zone_id=1, sum=0.0}, {zone_id=2, sum=0.7830248007150458}, {zone_id=3, sum=64.89559852645769}, {zone_id=4, sum=81.6858949264555}]","{""type"":""MultiPoint"",""coordinates"":[]}"
186,0.003942544684643921,7881111.055424527,273.7196640878353,2015-07,7.0,2015.0,"[{zone_id=1, sum=0.0}, {zone_id=2, sum=0.12966479350645002}, {zone_id=3, sum=64.49827299783463}, {zone_id=4, sum=88.4037003255925}]","{""type"":""MultiPoint"",""coordinates"":[]}"
187,0.006150063815316313,6429701.878537734,273.6406630030218,2015-08,8.0,2015.0,"[{zone_id=1, sum=1.3845246706729983}, {zone_id=2, sum=4.142536878737822}, {zone_id=3, sum=69.43212737144671}, {zone_id=4, sum=83.73625469361947}]","{""type"":""MultiPoint"",""coordinates"":[]}"
188,0.0029734356133159943,7513683.801370871,272.5167694091797,2015-09,9.0,2015.0,"[{zone_id=1, sum=0.0}, {zone_id=2, sum=0.9481652900874518}, {zone_id=3, sum=72.2717871277369}, {zone_id=4, sum=89.99173338536295}]","{""type"":""MultiPoint"",""coordinates"":[]}"
189,9.957607938578701E-4,7791457.658166274,266.7272301439969,2015-10,10.0,2015.0,"[{zone_id=1, sum=0.0747555974516222}, {zone_id=2, sum=7.632402403627496}, {zone_id=3, sum=98.51787657991495}, {zone_id=4, sum=99.57736819128374}]","{""type"":""MultiPoint"",""coordinates"":[]}"
190,1.4896710785731833E-4,7024013.258254717,262.4838631108122,2015-11,11.0,2015.0,"[{zone_id=1, sum=0.036013807173913046}, {zone_id=2, sum=8.360210103608493}, {zone_id=3, sum=107.20224675560911}, {zone_id=4, sum=98.83348037769446}]","{""type"":""MultiPoint"",""coordinates"":[]}"
191,2.1752108099214106E-4,6723163.39740566,259.26334942511795,2015-12,12.0,2015.0,"[{zone_id=1, sum=0.0}, {zone_id=2, sum=0.490131346319388}, {zone_id=3, sum=65.49230919144193}, {zone_id=4, sum=93.56493919735374}]","{""type"":""MultiPoint"",""coordinates"":[]}"
192,6.287400256417401E-4,6190947.945754716,256.0393774644384,2016-01,1.0,2016.0,"[{zone_id=1, sum=0.009576915081521739}, {zone_id=2, sum=6.246450580250319}, {zone_id=3, sum=84.98577747427359}, {zone_id=4, sum=91.79422352261028}]","{""type"":""MultiPoint"",""coordinates"":[]}"
193,7.247301335258461E-4,7409187.456367923,259.1000688660819,2016-02,2.0,2016.0,"[{zone_id=1, sum=0.7987834731239059}, {zone_id=2, sum=12.751436381977223}, {zone_id=3, sum=91.99368171581418}, {zone_id=4, sum=90.97848553163712}]","{""type"":""MultiPoint"",""coordinates"":[]}"
194,8.834664956493552E-4,9223607.37264151,260.89933229842273,2016-03,3.0,2016.0,"[{zone_id=1, sum=0.0}, {zone_id=2, sum=10.456685987557321}, {zone_id=3, sum=138.56403291238374}, {zone_id=4, sum=98.58671017039771}]","{""type"":""MultiPoint"",""coordinates"":[]}"
195,6.574485034331511E-4,1.0887389908018868E7,265.1833349263893,2016-04,4.0,2016.0,"[{zone_id=1, sum=0.0}, {zone_id=2, sum=1.3191836101979388}, {zone_id=3, sum=78.46247846476417}, {zone_id=4, sum=95.54276764633966}]","{""type"":""MultiPoint"",""coordinates"":[]}"
196,0.002040308554919133,9636554.667452829,268.5847381015994,2016-05,5.0,2016.0,"[{zone_id=1, sum=0.0}, {zone_id=2, sum=1.2117473843395448}, {zone_id=3, sum=71.08902955415225}, {zone_id=4, sum=93.01942423185953}]","{""type"":""MultiPoint"",""coordinates"":[]}"
197,0.004042880793606872,8116162.242924528,273.3719373019236,2016-06,6.0,2016.0,"[{zone_id=1, sum=0.0}, {zone_id=2, sum=1.6778678397420406}, {zone_id=3, sum=58.236420318612375}, {zone_id=4, sum=84.01698029339087}]","{""type"":""MultiPoint"",""coordinates"":[]}"
198,0.010503115680805579,4932359.502358491,273.9464600760981,2016-07,7.0,2016.0,"[{zone_id=1, sum=0.0}, {zone_id=2, sum=4.256068369129001}, {zone_id=3, sum=69.4525038174688}, {zone_id=4, sum=81.46756278283806}]","{""type"":""MultiPoint"",""coordinates"":[]}"
199,0.0028608810757802684,8294144.011792453,273.48572842579966,2016-08,8.0,2016.0,"[{zone_id=1, sum=0.0}, {zone_id=2, sum=2.180056926619823}, {zone_id=3, sum=68.94090967962717}, {zone_id=4, sum=87.73537527857428}]","{""type"":""MultiPoint"",""coordinates"":[]}"
200,0.0051688128685241875,5801658.398584905,272.4946404223172,2016-09,9.0,2016.0,"[{zone_id=1, sum=0.0493760490677521}, {zone_id=2, sum=8.119786109999207}, {zone_id=3, sum=83.6294704482482}, {zone_id=4, sum=83.22544908320472}]","{""type"":""MultiPoint"",""coordinates"":[]}"
201,0.0011881711366615215,7079831.053508254,268.29482686744547,2016-10,10.0,2016.0,"[{zone_id=1, sum=0.0}, {zone_id=2, sum=1.1180984943588708}, {zone_id=3, sum=105.98709008283122}, {zone_id=4, sum=99.09597966973092}]","{""type"":""MultiPoint"",""coordinates"":[]}"
202,1.1962241940975801E-4,7508908.74764151,264.13770510115717,2016-11,11.0,2016.0,"[{zone_id=1, sum=0.0}, {zone_id=2, sum=0.9245246020990139}, {zone_id=3, sum=95.98108912107665}, {zone_id=4, sum=101.08158137789874}]","{""type"":""MultiPoint"",""coordinates"":[]}"
203,1.560240094071783E-4,6832188.458726413,263.6192002206478,2016-12,12.0,2016.0,"[{zone_id=1, sum=0.0}, {zone_id=2, sum=0.890276262418956}, {zone_id=3, sum=82.69954834536495}, {zone_id=4, sum=98.15377008451901}]","{""type"":""MultiPoint"",""coordinates"":[]}"
204,8.878255735781613E-4,6359148.054245281,255.7524963954709,2017-01,1.0,2017.0,"[{zone_id=1, sum=1.361885685128199}, {zone_id=2, sum=35.74306778114895}, {zone_id=3, sum=143.31690475312735}, {zone_id=4, sum=97.97747873460352}]","{""type"":""MultiPoint"",""coordinates"":[]}"
205,2.6961983789902346E-4,7584686.030660379,259.0616201724646,2017-02,2.0,2017.0,"[{zone_id=1, sum=0.058135608799098314}, {zone_id=2, sum=18.48001615176618}, {zone_id=3, sum=118.80026165771638}, {zone_id=4, sum=96.38755214686063}]","{""type"":""MultiPoint"",""coordinates"":[]}"
206,0.0015615347303777666,6511866.066037734,258.97419969090873,2017-03,3.0,2017.0,"[{zone_id=1, sum=1.3593000366873882}, {zone_id=2, sum=33.391165466085624}, {zone_id=3, sum=157.69759574745058}, {zone_id=4, sum=96.90836533391044}]","{""type"":""MultiPoint"",""coordinates"":[]}"
207,9.175303023902035E-4,1.0401414228773583E7,264.9028714737802,2017-04,4.0,2017.0,"[{zone_id=1, sum=0.12083273023702257}, {zone_id=2, sum=16.867949132650367}, {zone_id=3, sum=116.6781639992561}, {zone_id=4, sum=97.89939545124645}]","{""type"":""MultiPoint"",""coordinates"":[]}"
208,0.0019827155729506916,9604706.443396222,268.5968512769016,2017-05,5.0,2017.0,"[{zone_id=1, sum=0.0}, {zone_id=2, sum=3.6657920017708445}, {zone_id=3, sum=106.87044199945004}, {zone_id=4, sum=96.8930292919882}]","{""type"":""MultiPoint"",""coordinates"":[]}"
209,0.0026996243686215958,9060727.867924528,272.823438536446,2017-06,6.0,2017.0,"[{zone_id=1, sum=0.08653076339285715}, {zone_id=2, sum=2.74972081966965}, {zone_id=3, sum=57.706724753449194}, {zone_id=4, sum=82.58060267500854}]","{""type"":""MultiPoint"",""coordinates"":[]}"
210,0.007567565459576702,6185949.883254718,273.7985724683077,2017-07,7.0,2017.0,"[{zone_id=1, sum=0.0}, {zone_id=2, sum=3.3263257705220566}, {zone_id=3, sum=65.37264571949316}, {zone_id=4, sum=87.7195438972435}]","{""type"":""MultiPoint"",""coordinates"":[]}"
211,0.006624058946172526,6298250.14740566,273.87393793070083,2017-08,8.0,2017.0,"[{zone_id=1, sum=0.11955831116071429}, {zone_id=2, sum=11.136310200050069}, {zone_id=3, sum=75.27973741477538}, {zone_id=4, sum=84.42620942251715}]","{""type"":""MultiPoint"",""coordinates"":[]}"
212,0.0021399775768149738,8001494.103773585,272.7227837904444,2017-09,9.0,2017.0,"[{zone_id=1, sum=0.0}, {zone_id=2, sum=0.8537289000193359}, {zone_id=3, sum=57.14592452510049}, {zone_id=4, sum=86.47130576421708}]","{""type"":""MultiPoint"",""coordinates"":[]}"
213,9.924631262722286E-4,7498002.838517099,268.41796990160674,2017-10,10.0,2017.0,"[{zone_id=1, sum=0.09165020716374268}, {zone_id=2, sum=5.505482373830553}, {zone_id=3, sum=82.86829504401574}, {zone_id=4, sum=97.10488497578186}]","{""type"":""MultiPoint"",""coordinates"":[]}"
214,2.6132307899486923E-4,7267181.839622641,262.24849801693324,2017-11,11.0,2017.0,"[{zone_id=1, sum=0.0}, {zone_id=2, sum=2.9158026009520577}, {zone_id=3, sum=82.04237014732863}, {zone_id=4, sum=97.32246683003001}]","{""type"":""MultiPoint"",""coordinates"":[]}"
215,2.2704014273083986E-4,6699705.214622642,262.42400691194354,2017-12,12.0,2017.0,"[{zone_id=1, sum=0.0}, {zone_id=2, sum=0.18865200101046692}, {zone_id=3, sum=65.58548570589079}, {zone_id=4, sum=93.3230187525134}]","{""type"":""MultiPoint"",""coordinates"":[]}"
216,4.142201533819337E-4,6809057.777122641,260.47238015228845,2018-01,1.0,2018.0,"[{zone_id=1, sum=0.11207581405616647}, {zone_id=2, sum=6.046590244469782}, {zone_id=3, sum=73.88175894896449}, {zone_id=4, sum=91.66012256247735}]","{""type"":""MultiPoint"",""coordinates"":[]}"
217,8.549526597768286E-4,7499401.726415093,258.38636347932635,2018-02,2.0,2018.0,"[{zone_id=1, sum=0.0}, {zone_id=2, sum=4.110762702217976}, {zone_id=3, sum=87.74125163020604}, {zone_id=4, sum=91.14436276784735}]","{""type"":""MultiPoint"",""coordinates"":[]}"
218,6.148458404016499E-4,9685466.633254714,260.2801925371278,2018-03,3.0,2018.0,"[{zone_id=1, sum=0.029201964015151516}, {zone_id=2, sum=9.44952561778798}, {zone_id=3, sum=98.19072859971888}, {zone_id=4, sum=95.09987098372935}]","{""type"":""MultiPoint"",""coordinates"":[]}"
219,0.0016956616801971386,9293826.61438679,264.5296576158055,2018-04,4.0,2018.0,"[{zone_id=1, sum=0.0}, {zone_id=2, sum=8.421330892682931}, {zone_id=3, sum=151.2800984240381}, {zone_id=4, sum=101.39463985823647}]","{""type"":""MultiPoint"",""coordinates"":[]}"
220,0.0013188004566061107,1.0040432808962263E7,268.1786309008328,2018-05,5.0,2018.0,"[{zone_id=1, sum=0.07597055990710677}, {zone_id=2, sum=9.006445489484296}, {zone_id=3, sum=106.9010156993934}, {zone_id=4, sum=98.37615596704202}]","{""type"":""MultiPoint"",""coordinates"":[]}"
221,0.0037603704540228097,8168011.798349056,273.1425493348319,2018-06,6.0,2018.0,"[{zone_id=1, sum=0.0}, {zone_id=2, sum=0.6824434682874723}, {zone_id=3, sum=51.799926030791895}, {zone_id=4, sum=83.73609874637668}]","{""type"":""MultiPoint"",""coordinates"":[]}"
222,0.007693615982237323,6131759.456367924,274.26100820865275,2018-07,7.0,2018.0,"[{zone_id=1, sum=0.0}, {zone_id=2, sum=2.072789538172245}, {zone_id=3, sum=51.828947149771686}, {zone_id=4, sum=71.9434260637539}]","{""type"":""MultiPoint"",""coordinates"":[]}"
223,0.00963712137320379,5419754.370283018,273.6745755177624,2018-08,8.0,2018.0,"[{zone_id=1, sum=0.0}, {zone_id=2, sum=4.8972208054570885}, {zone_id=3, sum=85.74105436435173}, {zone_id=4, sum=90.14079365784536}]","{""type"":""MultiPoint"",""coordinates"":[]}"
224,0.0015847959192494686,8077998.578788327,272.0287190563274,2018-09,9.0,2018.0,"[{zone_id=1, sum=0.0}, {zone_id=2, sum=0.34749179263035074}, {zone_id=3, sum=61.67345246442304}, {zone_id=4, sum=91.7601303201915}]","{""type"":""MultiPoint"",""coordinates"":[]}"
225,4.669375964964566E-4,8587842.100751769,264.80100494960567,2018-10,10.0,2018.0,"[{zone_id=1, sum=0.0}, {zone_id=2, sum=0.3751356830216423}, {zone_id=3, sum=71.17800572893327}, {zone_id=4, sum=98.71349093693138}]","{""type"":""MultiPoint"",""coordinates"":[]}"
226,2.1607006686212598E-4,7364912.77004717,262.6571502685547,2018-11,11.0,2018.0,"[{zone_id=1, sum=0.0}, {zone_id=2, sum=0.23951657710011087}, {zone_id=3, sum=64.79755500249577}, {zone_id=4, sum=96.67798915826276}]","{""type"":""MultiPoint"",""coordinates"":[]}"
227,6.256502172925379E-4,5792734.517688679,257.7346891007333,2018-12,12.0,2018.0,"[{zone_id=1, sum=0.010012229403409092}, {zone_id=2, sum=11.153102690099928}, {zone_id=3, sum=106.13313157041542}, {zone_id=4, sum=96.18657326533815}]","{""type"":""MultiPoint"",""coordinates"":[]}"
228,0.0018503369241066054,4102221.1827830183,253.37901133411336,2019-01,1.0,2019.0,"[{zone_id=1, sum=2.8047048090206004}, {zone_id=2, sum=44.8405255385363}, {zone_id=3, sum=120.91771903728568}, {zone_id=4, sum=85.88054618217004}]","{""type"":""MultiPoint"",""coordinates"":[]}"
229,0.0032369598553864394,3245686.12264151,254.67643939324142,2019-02,2.0,2019.0,"[{zone_id=1, sum=1.4174138749575638}, {zone_id=2, sum=90.3389612732692}, {zone_id=3, sum=265.5233938574974}, {zone_id=4, sum=91.08694911769041}]","{""type"":""MultiPoint"",""coordinates"":[]}"
230,4.4257222641633394E-4,4922157.475235849,257.2870071699034,2019-03,3.0,2019.0,"[{zone_id=1, sum=2.2708408327872855}, {zone_id=2, sum=77.48567733187676}, {zone_id=3, sum=246.49404036763391}, {zone_id=4, sum=98.44449682232948}]","{""type"":""MultiPoint"",""coordinates"":[]}"
231,7.995930371454856E-4,7616789.508254717,264.34062338775055,2019-04,4.0,2019.0,"[{zone_id=1, sum=0.3209725597559341}, {zone_id=2, sum=26.79903901386603}, {zone_id=3, sum=202.8635000493546}, {zone_id=4, sum=101.91904486652467}]","{""type"":""MultiPoint"",""coordinates"":[]}"
232,0.0011127793288221066,1.0961710579009434E7,267.9848059888156,2019-05,5.0,2019.0,"[{zone_id=1, sum=0.0}, {zone_id=2, sum=1.3915736133715522}, {zone_id=3, sum=85.86059988581708}, {zone_id=4, sum=96.12393595263262}]","{""type"":""MultiPoint"",""coordinates"":[]}"
233,0.0017691241285733837,9740008.107311321,272.6819302540905,2019-06,6.0,2019.0,"[{zone_id=1, sum=0.02446640625}, {zone_id=2, sum=0.7090426682767527}, {zone_id=3, sum=48.35778640451815}, {zone_id=4, sum=85.69082353004157}]","{""type"":""MultiPoint"",""coordinates"":[]}"
234,0.008753525893335438,6230706.612028301,273.8523628666715,2019-07,7.0,2019.0,"[{zone_id=1, sum=0.0}, {zone_id=2, sum=2.769477758565835}, {zone_id=3, sum=35.03329644840247}, {zone_id=4, sum=72.82543718296856}]","{""type"":""MultiPoint"",""coordinates"":[]}"
235,0.0035621878605997036,7890318.5330188675,274.1029415490492,2019-08,8.0,2019.0,"[{zone_id=1, sum=0.0}, {zone_id=2, sum=5.386884753847691}, {zone_id=3, sum=58.497646789148284}, {zone_id=4, sum=85.14253661574281}]","{""type"":""MultiPoint"",""coordinates"":[]}"
236,0.005617865259549309,5695366.7752800705,272.5358794590212,2019-09,9.0,2019.0,"[{zone_id=1, sum=0.12831312005889162}, {zone_id=2, sum=2.7073738872668187}, {zone_id=3, sum=69.15978312103898}, {zone_id=4, sum=83.47563052288541}]","{""type"":""MultiPoint"",""coordinates"":[]}"
237,6.790457116623212E-4,7622702.986291273,267.38468184561106,2019-10,10.0,2019.0,"[{zone_id=1, sum=0.0}, {zone_id=2, sum=2.571114700485985}, {zone_id=3, sum=119.94220012735269}, {zone_id=4, sum=99.61791104965755}]","{""type"":""MultiPoint"",""coordinates"":[]}"
238,2.481802860525279E-4,7378125.760613208,263.9786492113797,2019-11,11.0,2019.0,"[{zone_id=1, sum=0.0}, {zone_id=2, sum=1.2207149421177095}, {zone_id=3, sum=96.39859366392768}, {zone_id=4, sum=100.85845606803193}]","{""type"":""MultiPoint"",""coordinates"":[]}"
239,0.0010952781856936556,4338296.093160377,256.3701819653781,2019-12,12.0,2019.0,"[{zone_id=1, sum=3.694526181242461}, {zone_id=2, sum=45.99092213546033}, {zone_id=3, sum=133.52433046671615}, {zone_id=4, sum=99.60539723370184}]","{""type"":""MultiPoint"",""coordinates"":[]}"
240,0.002414065700851904,2941870.476415094,252.53348814766355,2020-01,1.0,2020.0,"[{zone_id=1, sum=10.948102394019172}, {zone_id=2, sum=120.30654434018675}, {zone_id=3, sum=236.0342454694247}, {zone_id=4, sum=98.62666896884943}]","{""type"":""MultiPoint"",""coordinates"":[]}"
241,7.288847734498459E-4,4434095.403301887,255.83201397589917,2020-02,2.0,2020.0,"[{zone_id=1, sum=3.45082741452864}, {zone_id=2, sum=66.07763425287037}, {zone_id=3, sum=168.97276684307565}, {zone_id=4, sum=96.1002846374225}]","{""type"":""MultiPoint"",""coordinates"":[]}"
242,0.0012286950181859078,4537475.811320755,257.92437571399614,2020-03,3.0,2020.0,"[{zone_id=1, sum=1.5961238214857432}, {zone_id=2, sum=76.00866887222703}, {zone_id=3, sum=250.48446023468043}, {zone_id=4, sum=100.13911150812743}]","{""type"":""MultiPoint"",""coordinates"":[]}"
243,9.156908008920271E-4,6025221.465801885,262.9431561164136,2020-04,4.0,2020.0,"[{zone_id=1, sum=0.07282166121961806}, {zone_id=2, sum=24.63641790952752}, {zone_id=3, sum=189.56148509633147}, {zone_id=4, sum=100.43921580634918}]","{""type"":""MultiPoint"",""coordinates"":[]}"
244,0.0022885163042838884,8392891.391509434,267.6400132089291,2020-05,5.0,2020.0,"[{zone_id=1, sum=0.05508063671875}, {zone_id=2, sum=10.32000461757807}, {zone_id=3, sum=133.85589685436918}, {zone_id=4, sum=95.58048882066367}]","{""type"":""MultiPoint"",""coordinates"":[]}"
245,0.005867323311718483,7117286.705188679,273.107088484854,2020-06,6.0,2020.0,"[{zone_id=1, sum=0.0}, {zone_id=2, sum=7.406372879195699}, {zone_id=3, sum=86.01143349915829}, {zone_id=4, sum=81.95512573985916}]","{""type"":""MultiPoint"",""coordinates"":[]}"
246,0.01122854114601819,4729156.643867925,274.33760617813965,2020-07,7.0,2020.0,"[{zone_id=1, sum=0.0}, {zone_id=2, sum=1.7616363479419999}, {zone_id=3, sum=53.41572141524693}, {zone_id=4, sum=78.4155014364652}]","{""type"":""MultiPoint"",""coordinates"":[]}"
247,0.005642794769723533,7117927.402122642,274.8357178310178,2020-08,8.0,2020.0,"[{zone_id=1, sum=0.4766400780325507}, {zone_id=2, sum=6.246795426467674}, {zone_id=3, sum=68.0315699245858}, {zone_id=4, sum=88.15636452530312}]","{""type"":""MultiPoint"",""coordinates"":[]}"
248,0.0049461966268544745,5758573.949292453,273.35403499963144,2020-09,9.0,2020.0,"[{zone_id=1, sum=0.18659490238970589}, {zone_id=2, sum=3.376250790667548}, {zone_id=3, sum=60.49677102214407}, {zone_id=4, sum=85.9343782015907}]","{""type"":""MultiPoint"",""coordinates"":[]}"
249,3.812948487861059E-4,7553003.698629125,269.8047059257075,2020-10,10.0,2020.0,"[{zone_id=1, sum=0.0}, {zone_id=2, sum=0.2458719306903341}, {zone_id=3, sum=69.17112492364632}, {zone_id=4, sum=96.7014648918128}]","{""type"":""MultiPoint"",""coordinates"":[]}"
250,4.4381035520623383E-4,7193501.416273585,262.1959219878575,2020-11,11.0,2020.0,"[{zone_id=1, sum=0.0}, {zone_id=2, sum=0.5724103570908858}, {zone_id=3, sum=62.838882872948744}, {zone_id=4, sum=93.40771645516875}]","{""type"":""MultiPoint"",""coordinates"":[]}"
251,4.033713851078642E-4,6554021.27476415,260.16124624576213,2020-12,12.0,2020.0,"[{zone_id=1, sum=0.0}, {zone_id=2, sum=0.26857639949566364}, {zone_id=3, sum=57.06297098359256}, {zone_id=4, sum=90.77592762279374}]","{""type"":""MultiPoint"",""coordinates"":[]}"
252,5.501638264840434E-4,6716657.094339622,260.6441990114608,2021-01,1.0,2021.0,"[{zone_id=1, sum=0.053377704828595315}, {zone_id=2, sum=2.22787706795059}, {zone_id=3, sum=63.708180964541114}, {zone_id=4, sum=88.72490845622832}]","{""type"":""MultiPoint"",""coordinates"":[]}"
253,6.464905996183932E-4,7718799.617924529,259.35412943138266,2021-02,2.0,2021.0,"[{zone_id=1, sum=0.39679027008858186}, {zone_id=2, sum=19.052546387633992}, {zone_id=3, sum=96.21018114749064}, {zone_id=4, sum=92.21273907713342}]","{""type"":""MultiPoint"",""coordinates"":[]}"
254,8.359847150685244E-4,9298293.182783019,262.46498194280656,2021-03,3.0,2021.0,"[{zone_id=1, sum=0.2961467035129047}, {zone_id=2, sum=13.482116918829698}, {zone_id=3, sum=96.55718949583668}, {zone_id=4, sum=92.99602542948548}]","{""type"":""MultiPoint"",""coordinates"":[]}"
255,0.0011762864849607848,1.0132638168632075E7,262.7262403380196,2021-04,4.0,2021.0,"[{zone_id=1, sum=0.9014064984952351}, {zone_id=2, sum=22.603721090120853}, {zone_id=3, sum=125.24859997827132}, {zone_id=4, sum=95.26140500958365}]","{""type"":""MultiPoint"",""coordinates"":[]}"
256,0.005408418946085433,7883861.675707546,268.81106279481133,2021-05,5.0,2021.0,"[{zone_id=1, sum=0.0}, {zone_id=2, sum=12.119555809043037}, {zone_id=3, sum=153.64853580624583}, {zone_id=4, sum=93.99602968758477}]","{""type"":""MultiPoint"",""coordinates"":[]}"
257,0.004553185600301739,7539082.340801884,273.2958417208689,2021-06,6.0,2021.0,"[{zone_id=1, sum=0.0}, {zone_id=2, sum=3.9247314304257723}, {zone_id=3, sum=85.11490521111985}, {zone_id=4, sum=82.05631105532096}]","{""type"":""MultiPoint"",""coordinates"":[]}"
258,0.008460736184765278,5627607.42688679,274.55484814913774,2021-07,7.0,2021.0,"[{zone_id=1, sum=0.4066150964778099}, {zone_id=2, sum=3.751038696148}, {zone_id=3, sum=74.32970839044351}, {zone_id=4, sum=82.15191600367902}]","{""type"":""MultiPoint"",""coordinates"":[]}"
259,0.0087429594075489,5446805.010613208,274.40447451033674,2021-08,8.0,2021.0,"[{zone_id=1, sum=0.0692992430637255}, {zone_id=2, sum=6.874018212151608}, {zone_id=3, sum=59.738682339298556}, {zone_id=4, sum=81.74892804582528}]","{""type"":""MultiPoint"",""coordinates"":[]}"
260,0.0041313517691069475,6045105.054613799,272.54612271290904,2021-09,9.0,2021.0,"[{zone_id=1, sum=0.0}, {zone_id=2, sum=2.74223530487952}, {zone_id=3, sum=81.15948260788241}, {zone_id=4, sum=92.02703721427034}]","{""type"":""MultiPoint"",""coordinates"":[]}"
261,0.003276746131236776,6091539.3765477585,268.9349598434736,2021-10,10.0,2021.0,"[{zone_id=1, sum=0.15623129431189192}, {zone_id=2, sum=22.874829608005673}, {zone_id=3, sum=179.01822126634426}, {zone_id=4, sum=99.36686099661785}]","{""type"":""MultiPoint"",""coordinates"":[]}"
262,2.0660754980438145E-4,6808256.420990566,264.1255631356869,2021-11,11.0,2021.0,"[{zone_id=1, sum=0.009179735026041667}, {zone_id=2, sum=5.3464754955778835}, {zone_id=3, sum=130.97151390340773}, {zone_id=4, sum=101.04810958021056}]","{""type"":""MultiPoint"",""coordinates"":[]}"
263,0.0013600097218961378,5928430.214622641,258.44738452839397,2021-12,12.0,2021.0,"[{zone_id=1, sum=1.5238508533196515}, {zone_id=2, sum=10.84010041675951}, {zone_id=3, sum=103.62013380703576}, {zone_id=4, sum=96.09601756884197}]","{""type"":""MultiPoint"",""coordinates"":[]}"
264,5.505030680024421E-4,3357855.128537736,253.56203705409789,2022-01,1.0,2022.0,"[{zone_id=1, sum=9.198752366860948}, {zone_id=2, sum=124.63888403736897}, {zone_id=3, sum=283.2372213382695}, {zone_id=4, sum=101.82448698998502}]","{""type"":""MultiPoint"",""coordinates"":[]}"
265,0.0011084421695483008,4175526.029481132,253.14539524294295,2022-02,2.0,2022.0,"[{zone_id=1, sum=7.78847113279236}, {zone_id=2, sum=88.39704509904658}, {zone_id=3, sum=200.2158624490375}, {zone_id=4, sum=95.3579770273193}]","{""type"":""MultiPoint"",""coordinates"":[]}"
266,4.162077532971622E-4,7666465.0801886795,263.9623718261719,2022-03,3.0,2022.0,"[{zone_id=1, sum=0.7928367731834537}, {zone_id=2, sum=21.002788605520013}, {zone_id=3, sum=110.76456204940362}, {zone_id=4, sum=97.15158256724905}]","{""type"":""MultiPoint"",""coordinates"":[]}"
267,0.001173221862374257,1.0044105173349056E7,267.5147756900427,2022-04,4.0,2022.0,"[{zone_id=1, sum=0.0}, {zone_id=2, sum=0.8225816117602007}, {zone_id=3, sum=74.02661159096108}, {zone_id=4, sum=94.71373670305645}]","{""type"":""MultiPoint"",""coordinates"":[]}"
268,0.00250654421017449,8716075.213443397,270.0614837070681,2022-05,5.0,2022.0,"[{zone_id=1, sum=3.138040009748029}, {zone_id=2, sum=9.984767150874942}, {zone_id=3, sum=70.36871533121459}, {zone_id=4, sum=87.16912334548167}]","{""type"":""MultiPoint"",""coordinates"":[]}"
269,0.0055125012718139155,7375019.883254718,273.34899815973245,2022-06,6.0,2022.0,"[{zone_id=1, sum=0.0}, {zone_id=2, sum=1.1422950860066856}, {zone_id=3, sum=41.148853014267615}, {zone_id=4, sum=78.15634967340331}]","{""type"":""MultiPoint"",""coordinates"":[]}"
270,0.00620229401355796,7153378.922169811,274.4377323366561,2022-07,7.0,2022.0,"[{zone_id=1, sum=0.19777985701895762}, {zone_id=2, sum=2.361574125006905}, {zone_id=3, sum=68.35370004239621}, {zone_id=4, sum=90.08995001157506}]","{""type"":""MultiPoint"",""coordinates"":[]}"
271,0.0043008053165996185,7468593.929245281,274.4321035709021,2022-08,8.0,2022.0,"[{zone_id=1, sum=0.020023647727272727}, {zone_id=2, sum=0.7249831798996952}, {zone_id=3, sum=57.37584163271216}, {zone_id=4, sum=83.57164208525633}]","{""type"":""MultiPoint"",""coordinates"":[]}"
272,0.0020585130019273217,5291413.270931604,272.55087136322595,2022-09,9.0,2022.0,"[{zone_id=1, sum=0.10011978004807694}, {zone_id=2, sum=7.50448594708013}, {zone_id=3, sum=84.49298590300461}, {zone_id=4, sum=86.61666967646421}]","{""type"":""MultiPoint"",""coordinates"":[]}"
273,9.3737783892403E-4,5481829.8659161255,266.89384230127877,2022-10,10.0,2022.0,"[{zone_id=1, sum=0.3100480093763617}, {zone_id=2, sum=8.087958020383466}, {zone_id=3, sum=110.67731636464306}, {zone_id=4, sum=93.68074139883109}]","{""type"":""MultiPoint"",""coordinates"":[]}"
274,1.0867373948112455E-4,5743746.648584907,263.28513005094703,2022-11,11.0,2022.0,"[{zone_id=1, sum=0.0}, {zone_id=2, sum=1.5563448315327435}, {zone_id=3, sum=90.67847667878232}, {zone_id=4, sum=100.40002666117584}]","{""type"":""MultiPoint"",""coordinates"":[]}"
275,7.595170055250458E-5,5222274.824292452,261.38978375128977,2022-12,12.0,2022.0,"[{zone_id=1, sum=0.0}, {zone_id=2, sum=1.042226306389485}, {zone_id=3, sum=75.24735188166582}, {zone_id=4, sum=97.02965858736988}]","{""type"":""MultiPoint"",""coordinates"":[]}"
276,1.5722928428722982E-4,5402705.948113207,258.71713631108116,2023-01,1.0,2023.0,"[{zone_id=1, sum=0.0}, {zone_id=2, sum=0.363104188836583}, {zone_id=3, sum=66.95875137331977}, {zone_id=4, sum=92.68458992038555}]","{""type"":""MultiPoint"",""coordinates"":[]}"
277,2.0432074159367955E-4,6065671.27004717,260.65976931014154,2023-02,2.0,2023.0,"[{zone_id=1, sum=0.0}, {zone_id=2, sum=0.1843365897872407}, {zone_id=3, sum=62.95006436257503}, {zone_id=4, sum=89.69720620294486}]","{""type"":""MultiPoint"",""coordinates"":[]}"
278,6.540459592549337E-4,6457246.022405661,260.13709388588956,2023-03,3.0,2023.0,"[{zone_id=1, sum=1.1952027975008135}, {zone_id=2, sum=29.019703381560973}, {zone_id=3, sum=178.7877734031912}, {zone_id=4, sum=99.96438425912012}]","{""type"":""MultiPoint"",""coordinates"":[]}"
279,5.857855560879095E-4,7905459.699292453,262.8562973310363,2023-04,4.0,2023.0,"[{zone_id=1, sum=1.083866390700487}, {zone_id=2, sum=39.87933285251175}, {zone_id=3, sum=193.99153643300426}, {zone_id=4, sum=100.98596851664817}]","{""type"":""MultiPoint"",""coordinates"":[]}"
280,0.0,0.0,273.15,2023-05,5.0,2023.0,"[{zone_id=1, sum=0.30946616807874466}, {zone_id=2, sum=21.75969227783436}, {zone_id=3, sum=157.1990322059922}, {zone_id=4, sum=100.47834936523435}]","{""type"":""MultiPoint"",""coordinates"":[]}"
281,0.0,0.0,273.15,2023-06,6.0,2023.0,"[{zone_id=1, sum=0.009217597385620915}, {zone_id=2, sum=1.6775471168536116}, {zone_id=3, sum=54.12987982602528}, {zone_id=4, sum=85.28827590835394}]","{""type"":""MultiPoint"",""coordinates"":[]}"
282,0.0,0.0,273.15,2023-07,7.0,2023.0,"[{zone_id=1, sum=4.3091512888600585}, {zone_id=2, sum=16.409951918663086}, {zone_id=3, sum=53.89466645015514}, {zone_id=4, sum=78.20092574798204}]","{""type"":""MultiPoint"",""coordinates"":[]}"
283,0.0,0.0,273.15,2023-08,8.0,2023.0,"[{zone_id=1, sum=0.0}, {zone_id=2, sum=0.9678249253517317}, {zone_id=3, sum=31.468517650576228}, {zone_id=4, sum=76.1830335882897}]","{""type"":""MultiPoint"",""coordinates"":[]}"
284,0.0,0.0,273.15,2023-09,9.0,2023.0,"[{zone_id=1, sum=0.38426911612145415}, {zone_id=2, sum=0.5500398824202498}, {zone_id=3, sum=48.66440775151128}, {zone_id=4, sum=88.82103692050495}]","{""type"":""MultiPoint"",""coordinates"":[]}"
285,0.0,0.0,273.15,2023-10,10.0,2023.0,"[{zone_id=1, sum=0.0}, {zone_id=2, sum=0.7238478055038962}, {zone_id=3, sum=74.52819631392444}, {zone_id=4, sum=95.897946629536}]","{""type"":""MultiPoint"",""coordinates"":[]}"
286,0.0,0.0,273.15,2023-11,11.0,2023.0,"[{zone_id=1, sum=0.0084736015625}, {zone_id=2, sum=0.4817839802328827}, {zone_id=3, sum=63.621913729544794}, {zone_id=4, sum=95.56156147043046}]","{""type"":""MultiPoint"",""coordinates"":[]}"
287,0.0,0.0,273.15,2023-12,12.0,2023.0,"[{zone_id=1, sum=0.0}, {zone_id=2, sum=4.350759016745587}, {zone_id=3, sum=81.09048281714797}, {zone_id=4, sum=95.46913165779783}]","{""type"":""MultiPoint"",""coordinates"":[]}"
288,0.0,0.0,273.15,2024-01,1.0,2024.0,"[{zone_id=1, sum=0.048262868807739445}, {zone_id=2, sum=2.9383608965175627}, {zone_id=3, sum=55.93658878875205}, {zone_id=4, sum=90.97910872178588}]","{""type"":""MultiPoint"",""coordinates"":[]}"
289,0.0,0.0,273.15,2024-02,2.0,2024.0,"[{zone_id=1, sum=0.06451176276498538}, {zone_id=2, sum=12.688420911747459}, {zone_id=3, sum=92.66853157590845}, {zone_id=4, sum=91.15964360783471}]","{""type"":""MultiPoint"",""coordinates"":[]}"
290,0.0,0.0,273.15,2024-03,3.0,2024.0,"[{zone_id=1, sum=0.9096741423965793}, {zone_id=2, sum=24.167879150202054}, {zone_id=3, sum=133.9260017006239}, {zone_id=4, sum=95.38154178421613}]","{""type"":""MultiPoint"",""coordinates"":[]}"
291,0.0,0.0,273.15,2024-04,4.0,2024.0,"[{zone_id=1, sum=0.0}, {zone_id=2, sum=1.5104430606827854}, {zone_id=3, sum=73.4140308335147}, {zone_id=4, sum=96.46840151166285}]","{""type"":""MultiPoint"",""coordinates"":[]}"
292,0.0,0.0,273.15,2024-05,5.0,2024.0,"[{zone_id=1, sum=0.0}, {zone_id=2, sum=1.9622020781084315}, {zone_id=3, sum=65.13325972722323}, {zone_id=4, sum=90.7511476867453}]","{""type"":""MultiPoint"",""coordinates"":[]}"
293,0.0,0.0,273.15,2024-06,6.0,2024.0,"[{zone_id=1, sum=0.015727765625}, {zone_id=2, sum=1.224950685015074}, {zone_id=3, sum=31.486195481537223}, {zone_id=4, sum=79.6182264398889}]","{""type"":""MultiPoint"",""coordinates"":[]}"
294,0.0,0.0,273.15,2024-07,7.0,2024.0,"[{zone_id=1, sum=1.2341025639246324}, {zone_id=2, sum=2.284482859096748}, {zone_id=3, sum=30.711258343181225}, {zone_id=4, sum=65.08093721723468}]","{""type"":""MultiPoint"",""coordinates"":[]}"
295,0.0,0.0,273.15,2024-08,8.0,2024.0,"[{zone_id=1, sum=0.0}, {zone_id=2, sum=1.7003036971296817}, {zone_id=3, sum=56.12950343695723}, {zone_id=4, sum=84.15948637198585}]","{""type"":""MultiPoint"",""coordinates"":[]}"
296,0.0,0.0,273.15,2024-09,9.0,2024.0,"[{zone_id=1, sum=0.016947888221153846}, {zone_id=2, sum=15.47067067870193}, {zone_id=3, sum=89.1482814738676}, {zone_id=4, sum=87.5048584882877}]","{""type"":""MultiPoint"",""coordinates"":[]}"
297,0.0,0.0,273.15,2024-10,10.0,2024.0,"[{zone_id=1, sum=0.0}, {zone_id=2, sum=25.396425559963134}, {zone_id=3, sum=199.96499305428307}, {zone_id=4, sum=101.20460436228498}]","{""type"":""MultiPoint"",""coordinates"":[]}"
298,0.0,0.0,273.15,2024-11,11.0,2024.0,"[{zone_id=1, sum=0.05167374801753394}, {zone_id=2, sum=6.899379405490921}, {zone_id=3, sum=99.83215504565976}, {zone_id=4, sum=95.49676480257102}]","{""type"":""MultiPoint"",""coordinates"":[]}"
299,0.0,0.0,273.15,2024-12,12.0,2024.0,"[{zone_id=1, sum=0.046508052734375006}, {zone_id=2, sum=13.27346641369335}, {zone_id=3, sum=84.88726532160493}, {zone_id=4, sum=90.13838235456623}]","{""type"":""MultiPoint"",""coordinates"":[]}"
300,0.0,0.0,273.15,2025-01,1.0,2025.0,"[{zone_id=1, sum=0.010012229403409092}, {zone_id=2, sum=6.95451365458134}, {zone_id=3, sum=76.42362507354862}, {zone_id=4, sum=87.23789864008316}]","{""type"":""MultiPoint"",""coordinates"":[]}"
301,0.0,0.0,273.15,2025-02,2.0,2025.0,"[{zone_id=1, sum=0.3520041905438835}, {zone_id=2, sum=9.766680032586978}, {zone_id=3, sum=79.26685793340802}, {zone_id=4, sum=88.24219760998656}]","{""type"":""MultiPoint"",""coordinates"":[]}"
302,0.0,0.0,273.15,2025-03,3.0,2025.0,"[{zone_id=1, sum=0.01101345234375}, {zone_id=2, sum=14.068397225075916}, {zone_id=3, sum=95.53665344936505}, {zone_id=4, sum=94.37825639203078}]","{""type"":""MultiPoint"",""coordinates"":[]}"
303,0.0,0.0,273.15,2025-04,4.0,2025.0,"[{zone_id=1, sum=0.012237169270833334}, {zone_id=2, sum=9.122009771937277}, {zone_id=3, sum=129.3616650309316}, {zone_id=4, sum=98.91322102914464}]","{""type"":""MultiPoint"",""coordinates"":[]}"
304,0.0,0.0,273.15,2025-05,5.0,2025.0,"[{zone_id=1, sum=0.0}, {zone_id=2, sum=4.671228061092102}, {zone_id=3, sum=96.24335760787261}, {zone_id=4, sum=95.93733286030358}]","{""type"":""MultiPoint"",""coordinates"":[]}"
305,0.0,0.0,273.15,2025-06,6.0,2025.0,"[{zone_id=1, sum=0.0}, {zone_id=2, sum=1.0844927133477649}, {zone_id=3, sum=60.7134532406452}, {zone_id=4, sum=89.9658728147189}]","{""type"":""MultiPoint"",""coordinates"":[]}"
306,0.0,0.0,273.15,2025-07,7.0,2025.0,"[{zone_id=1, sum=0.0}, {zone_id=2, sum=1.261440741320369}, {zone_id=3, sum=44.37535354696628}, {zone_id=4, sum=81.71061411609034}]","{""type"":""MultiPoint"",""coordinates"":[]}"
307,0.0,0.0,273.15,2025-08,8.0,2025.0,"[{zone_id=1, sum=0.0}, {zone_id=2, sum=0.9419297350919253}, {zone_id=3, sum=44.618162550087135}, {zone_id=4, sum=82.80114259295537}]","{""type"":""MultiPoint"",""coordinates"":[]}"
308,0.0,0.0,273.15,2025-09,9.0,2025.0,"[{zone_id=1, sum=0.2627263117582071}, {zone_id=2, sum=4.147402136637814}, {zone_id=3, sum=89.6522366951601}, {zone_id=4, sum=94.64848807106027}]","{""type"":""MultiPoint"",""coordinates"":[]}"
309,0.0,0.0,273.15,2025-10,10.0,2025.0,"[{zone_id=1, sum=0.19323970781367095}, {zone_id=2, sum=108.29792417601476}, {zone_id=3, sum=356.95134757626306}, {zone_id=4, sum=102.03625966306788}]","{""type"":""MultiPoint"",""coordinates"":[]}"
310,0.0,0.0,273.15,2025-11,11.0,2025.0,"[{zone_id=1, sum=0.03317878682501826}, {zone_id=2, sum=82.41510580686126}, {zone_id=3, sum=334.7701729350993}, {zone_id=4, sum=103.7837744654378}]","{""type"":""MultiPoint"",""coordinates"":[]}"
311,0.0,0.0,273.15,2025-12,12.0,2025.0,"[{zone_id=1, sum=0.18072257213388332}, {zone_id=2, sum=28.026165553879917}, {zone_id=3, sum=219.95271411517186}, {zone_id=4, sum=100.42198248227271}]","{""type"":""MultiPoint"",""coordinates"":[]}"
